Title,Progress,Type,MAL_Score,AniList_Score,Genres,Notes,MAL_URL,AniList_URL,Current_MAL_Score,Current_AniList_Score,Average_Score
Lycoris Recoil,0/13,TV,9.28,7.6,"Action, Girls Love",,https://myanimelist.net/anime/50709/Lycoris_Recoil,https://anilist.co/anime/143270/Lycoris-Recoil,8.14,8.1,8.12
Frieren: Beyond Journey's End Season 2,0/10,TV,9.28,TBD,"Adventure, Drama, Fantasy",[2024+] Upcoming 2026,https://myanimelist.net/anime/59978/Sousou_no_Frieren_2nd_Season,https://anilist.co/anime/182255/Sousou-no-Frieren-2nd-Season,9.28,8.9,9.09
Kaguya-sama: Love is War -Ultra Romantic-,0/13,TV,8.98,9,"Comedy, Psychological, Romance",,https://myanimelist.net/anime/43608/Kaguya-sama_wa_Kokurasetai__Ultra_Romantic,https://anilist.co/anime/125367/Kaguya-sama-Love-is-War-Ultra-Romantic,8.96,8.9,8.93
Shikimori's Not Just a Cutie,0/12,TV,8.96,7.2,"Comedy, Romance, School",,https://myanimelist.net/anime/45613/Kawaii_dake_ja_Nai_Shikimori-san,https://anilist.co/anime/127911/Kawaii-dake-ja-Nai-Shikimori-san,6.94,6.8,6.87
NANA,0/47,TV,8.83,8.5,"Comedy, Drama, Music, Romance, Shoujo, Slice of Life",,https://myanimelist.net/anime/877/Nana,https://anilist.co/anime/877/Nana,8.57,8.5,8.54
91 Days,0/12,TV,8.78,7.9,"Action, Drama, Historical",,https://myanimelist.net/anime/32998/91_Days,https://anilist.co/anime/21711/91Days,7.82,7.6,7.71
Seraph of the End: Battle in Nagoya,0/12,TV,8.74,7.6,"Action, Drama, Military, Shounen, Supernatural, Vampire",,https://myanimelist.net/anime/28927/Owari_no_Seraph__Nagoya_Kessen-hen,https://anilist.co/anime/20993/Owari-no-Seraph-Nagoya-Kessenhen,7.61,7.4,7.51
Tsuredure Children,0/12,TV,8.73,7.9,"Comedy, Romance, School, Shounen",,https://myanimelist.net/anime/34902/Tsurezure_Children,https://anilist.co/anime/98291/Tsurezure-Children,7.53,7.4,7.46
MUSHI-SHI,0/26,TV,8.72,8.7,"Adventure, Fantasy, Historical, Mystery, Seinen, Slice of Life, Supernatural",,https://myanimelist.net/anime/457/Mushishi,https://anilist.co/anime/457/Mushishi,8.65,8.5,8.57
Kabaneri of the Iron Fortress,0/12,TV,8.72,7.3,"Action, Drama, Fantasy, Horror, Supernatural",,https://myanimelist.net/anime/28623/Koutetsujou_no_Kabaneri,https://anilist.co/anime/21196/Koutetsujou-no-Kabaneri,7.28,7.0,7.14
Daily Lives of High School Boys,0/12,TV,8.72,8.2,"Comedy, School, Seinen, Slice of Life",,https://myanimelist.net/anime/11843/Danshi_Koukousei_no_Nichijou,https://anilist.co/anime/11843/Danshi-Koukousei-no-Nichijou,8.23,8.0,8.12
Mob Psycho 100 III,0/12,TV,8.71,8.8,"Action, Comedy, Supernatural",,https://myanimelist.net/anime/50172/Mob_Psycho_100_III,https://anilist.co/anime/140439/Mob-Psycho-100-III,8.71,8.7,8.71
Gate,0/12,TV,8.71,7.7,"Action, Adventure, Fantasy, Military",,https://myanimelist.net/anime/28907/Gate__Jieitai_Kanochi_nite_Kaku_Tatakaeri,https://anilist.co/anime/20994/GATE-Jieitai-Kanochi-nite-Kaku-Tatakaeri,7.68,7.4,7.54
Fruits Basket Season 2,0/25,TV,8.69,7.5,"Comedy, Drama, Romance, Supernatural, Slice of Life",,https://myanimelist.net/anime/40417/Fruits_Basket_2nd_Season,https://anilist.co/anime/111762/Fruits-Basket-2nd-Season,8.53,8.5,8.52
Spice and Wolf,0/13,TV,8.68,8.3,"Adventure, Fantasy, Historical, Romance, Supernatural",,https://myanimelist.net/anime/2966/Ookami_to_Koushinryou,https://anilist.co/anime/2966/Ookami-to-Koushinryou,8.21,8.0,8.11
Princess Mononoke,0/1,Movie,8.68,8.3,"Action, Adventure, Fantasy, Historical",,https://myanimelist.net/anime/164/Mononoke_Hime,https://anilist.co/anime/164/Mononokehime,8.67,8.5,8.59
86 EIGHTY-SIX Part 2,0/12,TV,8.68,8.8,"Action, Drama, Mecha, Military, Sci-Fi",,https://myanimelist.net/anime/48569/86_Part_2,https://anilist.co/anime/131586/86-Eighty-Six-Part-2,8.72,8.7,8.71
Snow White with the Red Hair,0/12,TV,8.67,8.2,"Fantasy, Romance, Shoujo, Slice of Life",,https://myanimelist.net/anime/30123/Akagami_no_Shirayuki-hime,https://anilist.co/anime/21058/Akagami-no-Shirayukihime,7.80,7.6,7.70
Vivy -Fluorite Eye's Song-,0/13,TV,8.66,8.5,"Action, Sci-Fi, Suspense",,https://myanimelist.net/anime/46095/Vivy__Fluorite_Eyes_Song,https://anilist.co/anime/128546,8.38,"{'arithmeticGeometricMean': 8.227479710098796, 'arithmeticMean': 8.228675943104513, 'median': 8.3}",8.38
Mob Psycho 100 II,0/13,TV,8.65,8.7,"Action, Comedy, Supernatural",,https://myanimelist.net/anime/37510/Mob_Psycho_100_II,https://anilist.co/anime/100883/Mob-Psycho-100-II,8.78,,8.78
Ranking of Kings,0/23,TV,8.62,8.6,"Adventure, Fantasy",,https://myanimelist.net/anime/40834/Ousama_Ranking,https://anilist.co/anime/113717,8.48,"{'arithmeticGeometricMean': 8.411676173015572, 'arithmeticMean': 8.412861884147599, 'median': 8.49}",8.48
Darker than Black,0/25,TV,8.62,7.8,"Action, Mystery, Sci-Fi, Super Power",,https://myanimelist.net/anime/2025/Darker_than_Black__Kuro_no_Keiyakusha,https://anilist.co/anime/6573,8.04,"{'arithmeticGeometricMean': 8.080870500940248, 'arithmeticMean': 8.081807256235827, 'median': 8.163265306122447}",8.04
INUYASHIKI LAST HERO,0/11,TV,8.61,7.7,"Action, Drama, Psychological, Sci-Fi, Seinen",,https://myanimelist.net/anime/34542/Inuyashiki,https://anilist.co/anime/97922,7.63,"{'arithmeticGeometricMean': 7.67675561683761, 'arithmeticMean': 7.677889919604206, 'median': 7.73}",7.63
Fruits Basket The Final Season,0/13,TV,8.61,7.9,"Drama, Romance, Shoujo, Slice of Life, Supernatural",,https://myanimelist.net/anime/42938/Fruits_Basket__The_Final,https://anilist.co/anime/124194,8.94,"{'arithmeticGeometricMean': 8.747048501841416, 'arithmeticMean': 8.74864192949907, 'median': 8.8}",8.94
K,0/13,TV,8.56,7.6,"Action, Magic, Supernatural",,https://myanimelist.net/anime/14467/K,https://anilist.co/anime/14467/K,7.42,"{'arithmeticGeometricMean': 7.512057170979094, 'arithmeticMean': 7.515405071119357, 'median': 7.545454545454546}",7.42
"Josee, the Tiger and the Fish",0/1,Movie,8.53,8.57,"8.6, Drama, Romance, Slice of Life",,https://myanimelist.net/anime/40787/Josee_to_Tora_to_Sakana-tachi,https://anilist.co/anime/113596,8.38,"{'arithmeticGeometricMean': 8.31609229064457, 'arithmeticMean': 8.317896310039167, 'median': 8.39181818181818}",8.38
The Promised Neverland,0/12,TV,8.52,8.3,"Thriller, Mystery, Psychological, Shounen",,https://myanimelist.net/anime/37779/Yakusoku_no_Neverland,https://anilist.co/anime/108725,8.47,"{'arithmeticGeometricMean': 5.896687167942182, 'arithmeticMean': 5.910869305297878, 'median': 5.8}",8.47
Monster Musume: Everyday Life With Monster Girls,0/12,TV,8.52,6.9,"Comedy, Ecchi, Fantasy, Harem, Romance, Seinen",,https://myanimelist.net/anime/30307/Monster_Musume_no_Iru_Nichijou,https://anilist.co/anime/21093,6.92,"{'arithmeticGeometricMean': 7.059275774068362, 'arithmeticMean': 7.061362399505256, 'median': 7.059}",6.92
Summer Time Rendering,0/25,TV,8.50,8.6,"Mystery, Supernatural, Suspense",,https://myanimelist.net/anime/47194/Summertime_Render,https://anilist.co/anime/129201,8.47,"{'arithmeticGeometricMean': 8.265012101933324, 'arithmeticMean': 8.270346732632447, 'median': 8.454545454545455}",8.47
Samurai Champloo,0/26,TV,8.50,8.5,"Action, Adventure, Comedy, Historical, Samurai",,https://myanimelist.net/anime/205/Samurai_Champloo,https://anilist.co/anime/205,8.52,"{'arithmeticGeometricMean': 8.40586420493744, 'arithmeticMean': 8.406322407750979, 'median': 8.43}",8.52
Haganai,0/12,TV,8.5,7.4,"Comedy, Ecchi, Harem, Romance, School, Seinen",,https://myanimelist.net/anime/10719/Boku_wa_Tomodachi_ga_Sukunai,https://anilist.co/anime/10719,7.13,"{'arithmeticGeometricMean': 7.30247469744093, 'arithmeticMean': 7.303851370851372, 'median': 7.28}",7.13
Chainsaw Man  The Movie: Reze Arc,0/1,Movie,8.5,TBD,"Action, Fantasy, Shounen",[2024+] Upcoming 2025,https://myanimelist.net/anime/57555,https://anilist.co/anime/171627,7.13,Unrated,7.13
Mob Psycho 100,0/12,TV,8.49,8.5,"Action, Comedy, Drama, Psychological, Slice of Life, Supernatural",,https://myanimelist.net/anime/32182/Mob_Psycho_100,https://anilist.co/anime/140439,8.49,8.2,8.34
Amagi Brilliant Park,0/13,TV,8.49,7.6,"Comedy, Fantasy, Magic",,https://myanimelist.net/anime/22147/Amagi_Brilliant_Park,https://anilist.co/anime/20457/Amagi-Brilliant-Park,7.45,,7.45
Nichijou - My Ordinary Life,0/26,TV,8.47,8.5,"Comedy, School, Slice of Life",,https://myanimelist.net/anime/10165/Nichijou,https://anilist.co/anime/10165,8.47,"{'arithmeticGeometricMean': 8.244938991201428, 'arithmeticMean': 8.246304061018346, 'median': 8.3}",8.47
Akudama Drive,0/12,TV,8.47,7.9,"Action, Sci-Fi, Suspense",,https://myanimelist.net/anime/41433/Akudama_Drive,https://anilist.co/anime/114301/Akudama-Drive,7.57,,7.57
Tsukigakirei,0/12,TV,8.46,8.1,"Romance, School",,https://myanimelist.net/anime/34822/Tsuki_ga_Kirei,https://anilist.co/anime/98202,8.02,"{'arithmeticGeometricMean': 7.98730410685225, 'arithmeticMean': 7.988362811791384, 'median': 8.0}",8.02
To Be Hero X,0/24,ONA,8.46,TBD,"Action, Comedy",[2024+] Upcoming 2025,https://myanimelist.net/anime/61633,https://anilist.co/anime/167126/To-Be-Hero-X,8.02,Unrated,8.02
Made in Abyss: Dawn of the Deep Soul,1/1,Movie,8.46,8.6,"Adventure, Drama, Fantasy, Mystery, Sci-Fi, Seinen",,https://myanimelist.net/anime/36862/Made_in_Abyss_Movie_3__Fukaki_Tamashii_no_Reimei,https://anilist.co/anime/100643,8.61,"{'arithmeticGeometricMean': 8.49160997359487, 'arithmeticMean': 8.491987219130076, 'median': 8.5}",8.61
Kaguya-sama: Love is War?,0/12,TV,8.46,8.3,"Comedy, Psychological, Romance",,https://myanimelist.net/anime/40591/Kaguya-sama_wa_Kokurasetai_Tensai-tachi_no_Renai_Zunousen,https://anilist.co/anime/112641,8.66,"{'arithmeticGeometricMean': 8.486264540916064, 'arithmeticMean': 8.487845804988662, 'median': 8.6}",8.66
Tomodachi Game,0/12,ONA,8.45,7.8,"Drama, Mystery, Psychological, Shounen",,https://myanimelist.net/anime/50273/Tomodachi_Game,https://anilist.co/anime/130101/Tomodachi-Game,7.71,,7.71
The Asterisk War,0/12,TV,8.45,6.9,"Action, Comedy, Ecchi, Fantasy, Harem, Romance, School, Sci-Fi",,https://myanimelist.net/anime/30544/Gakusen_Toshi_Asterisk,https://anilist.co/anime/21390,6.8,"{'arithmeticGeometricMean': 6.974321919434914, 'arithmeticMean': 6.978023088023089, 'median': 7.0}",6.80
The Familiar of Zero,0/13,TV,8.42,7.3,"Action, Adventure, Comedy, Ecchi, Fantasy, Harem, Magic, Romance, School",,https://myanimelist.net/anime/1195/Zero_no_Tsukaima,https://anilist.co/anime/1195,7.2,"{'arithmeticGeometricMean': 7.412531099825027, 'arithmeticMean': 7.414592867450011, 'median': 7.489090909090909}",7.20
March comes in like a lion,0/22,TV,8.42,8.4,"Drama, Game, Seinen, Slice of Life, Sports",,https://myanimelist.net/anime/31646/3-gatsu_no_Lion,https://anilist.co/anime/21366/March-comes-in-like-a-lion,8.37,"{'arithmeticGeometricMean': 5.971207468350949, 'arithmeticMean': 5.981636363636363, 'median': 5.64}",8.37
Grand Blue Dreaming,0/12,TV,8.42,8.5,"Comedy, Seinen, Slice of Life",,https://myanimelist.net/anime/37105/Grand_Blue,https://anilist.co/anime/199111,8.45,"{'arithmeticGeometricMean': 8.166895644145473, 'arithmeticMean': 8.17112038754896, 'median': 8.358181818181817}",8.45
Made in Abyss: The Golden City of the Scorching Sun,0/12,TV,8.4,8.7,"Adventure, Drama, Fantasy, Mystery, Sci-Fi",,https://myanimelist.net/anime/41084/Made_in_Abyss__Retsujitsu_no_Ougonkyou,https://anilist.co/anime/114745,8.6,"{'arithmeticGeometricMean': 8.504549704275336, 'arithmeticMean': 8.505334776334777, 'median': 8.536}",8.60
Kaguya-sama: Love is War,12/12,TV,8.40,8.4,"Comedy, Psychological, Romance, School, Seinen",,https://myanimelist.net/anime/37999/Kaguya-sama_wa_Kokurasetai__Tensai-tachi_no_Renai_Zunousen,https://anilist.co/anime/101921,8.4,"{'arithmeticGeometricMean': 8.322151539874042, 'arithmeticMean': 8.323801278086993, 'median': 8.4}",8.40
Gleipnir,0/13,TV,8.39,7,"Action, Ecchi, Mystery, Seinen, Supernatural",,https://myanimelist.net/anime/39463/Gleipnir,https://anilist.co/anime/108241/Gleipnir,6.95,,6.95
ODDTAXI,0/13,TV,8.38,8.8,"Mystery, Suspense, Slice of Life, Drama",,https://myanimelist.net/anime/46102/Odd_Taxi,https://anilist.co/anime/128547,8.63,"{'arithmeticGeometricMean': 8.452102090815599, 'arithmeticMean': 8.452932591218307, 'median': 8.5}",8.63
Date A Live II,0/10,TV,8.36,7.2,"Comedy, Harem, Mecha, Romance, School, Sci-Fi",,https://myanimelist.net/anime/19163/Date_A_Live_II,https://anilist.co/anime/19163,7.17,"{'arithmeticGeometricMean': 7.296801411195245, 'arithmeticMean': 7.300027210884355, 'median': 7.3}",7.17
"So I'm a Spider, So What?",0/24,TV,8.35,7.46,"7.5, Action, Adventure, Comedy, Fantasy, Isekai, Magic, Mystery",,https://myanimelist.net/anime/37984/Kumo_desu_ga_Nani_ka,https://anilist.co/anime/103632,7.44,"{'arithmeticGeometricMean': 7.597423156382255, 'arithmeticMean': 7.600388991960421, 'median': 7.505}",7.44
Uzaki-chan Wants to Hang Out!,0/12,TV,8.34,7,"Comedy, Romance, Ecchi, Slice of Life",,https://myanimelist.net/anime/41226/Uzaki-chan_wa_Asobitai,https://anilist.co/anime/124395,6.96,"{'arithmeticGeometricMean': 7.405232108896971, 'arithmeticMean': 7.408889919604205, 'median': 7.5}",6.96
PSYCHO-PASS,0/22,TV,8.34,8.2,"Action, Police, Psychological, Sci-Fi, Seinen",,https://myanimelist.net/anime/13601/Psycho-Pass,https://anilist.co/anime/13601,8.33,"{'arithmeticGeometricMean': 8.253502657089781, 'arithmeticMean': 8.253821480107193, 'median': 8.272727272727273}",8.33
Parasyte -the maxim-,0/24,TV,8.33,8.1,"Action, Drama, Horror, Psychological, Sci-Fi, Seinen",,https://myanimelist.net/anime/22535/Kiseijuu__Sei_no_Kakuritsu,https://anilist.co/anime/20623,8.32,"{'arithmeticGeometricMean': 8.338850976231182, 'arithmeticMean': 8.33942156256442, 'median': 8.34}",8.32
PSYCHO-PASS 2,0/11,TV,8.33,7.4,"Action, Mystery, Police, Sci-Fi, Seinen",,https://myanimelist.net/anime/23281/Psycho-Pass_2,https://anilist.co/anime/20513,7.41,"{'arithmeticGeometricMean': 7.49220402787044, 'arithmeticMean': 7.494318284889713, 'median': 7.5}",7.41
Blood Lad,0/10,TV,8.33,7.4,"Action, Comedy, Demons, Seinen, Supernatural, Vampire",,https://myanimelist.net/anime/11633/Blood_Lad,https://anilist.co/anime/11633,7.23,7.3,7.27
given,0/11,TV,8.32,8.3,"Drama, Music, Romance, Slice of Life, Boys Love",,https://myanimelist.net/anime/39533/Given,https://anilist.co/anime/162987,8.32,"{'arithmeticGeometricMean': 7.866949383422519, 'arithmeticMean': 7.875908163265305, 'median': 8.01909090909091}",8.32
Myriad Colors Phantom World,0/13,TV,8.32,6.9,"Action, Comedy, Fantasy, Slice of Life, Supernatural",,https://myanimelist.net/anime/31442/Musaigen_no_Phantom_World,https://anilist.co/anime/21306,6.84,"{'arithmeticGeometricMean': 6.95095145767577, 'arithmeticMean': 6.953843125128839, 'median': 7.04}",6.84
"More than a Married Couple, but Not Lovers.",0/12,TV,8.32,7.4,"7.5, Romance, School, Comedy",,https://myanimelist.net/anime/50425/Fuufu_Ijou_Koibito_Miman,https://anilist.co/anime/141949,7.59,"{'arithmeticGeometricMean': 7.599888289785235, 'arithmeticMean': 7.604712224283653, 'median': 7.7272727272727275}",7.59
86 EIGHTY-SIX,0/11,TV,8.32,8.5,"Action, Drama, Mecha, Military, Sci-Fi",,https://myanimelist.net/anime/41457/86,https://anilist.co/anime/131586,8.34,"{'arithmeticGeometricMean': 8.522332502541666, 'arithmeticMean': 8.525920634920634, 'median': 8.714285714285714}",8.34
Kaguya-sama: Love is War -The First Kiss That Never Ends-,0/4,TV,8.31,8.8,"Comedy, Romance, Sequel",,https://myanimelist.net/anime/52198/Kaguya-sama_wa_Kokurasetai__First_Kiss_wa_Owaranai,https://anilist.co/anime/151384,8.72,"{'arithmeticGeometricMean': 8.547421408073415, 'arithmeticMean': 8.549082251082252, 'median': 8.68}",8.72
And you thought there is never a girl online?,0/12,TV,8.26,6.7,"Comedy, Ecchi, Game, Romance, School",,https://myanimelist.net/anime/31404/Netoge_no_Yome_wa_Onnanoko_ja_Nai_to_Omotta,https://anilist.co/anime/21290,6.66,"{'arithmeticGeometricMean': 6.834026576917643, 'arithmeticMean': 6.835994640280355, 'median': 6.864}",6.66
ORESUKI: Are you the only one who loves me?,0/12,TV,8.25,7.6,"Comedy, Romance, School",,https://myanimelist.net/anime/38483/Ore_wo_Suki_nano_wa_Omae_dake_ka_yo,https://anilist.co/anime/104464,7.29,"{'arithmeticGeometricMean': 7.368341555335015, 'arithmeticMean': 7.37327973613688, 'median': 7.4}",7.29
Hajime no Ippo: The Fighting!,0/75,TV,8.23,8.6,"Comedy, Sports, Drama, Shounen",,https://myanimelist.net/anime/263/Hajime_no_Ippo,https://anilist.co/anime/19647,8.78,"{'arithmeticGeometricMean': 8.450544978904178, 'arithmeticMean': 8.451583178726036, 'median': 8.53061224489796}",8.78
Katanagatari,0/12,TV,8.22,8.4,"Action, Adventure, Martial Arts, Romance",,https://myanimelist.net/anime/6594/Katanagatari,https://anilist.co/anime/5341/Katanagatari,8.29,,8.29
"No Game, No Life Zero",0/1,Movie,8.21,8.30,"Drama, Fantasy, Game, Supernatural",,https://myanimelist.net/anime/33674/No_Game_No_Life_Movie__Zero,https://anilist.co/anime/21875,8.16,"{'arithmeticGeometricMean': 8.190082551694468, 'arithmeticMean': 8.191427540713253, 'median': 8.2}",8.16
Recovery of an MMO Junkie,0/10,TV,8.2,7.6,"Comedy, Game, Romance, Seinen",,https://myanimelist.net/anime/36038,https://anilist.co/anime/99726,7.51,"{'arithmeticGeometricMean': 7.654281430902452, 'arithmeticMean': 7.6554353741496595, 'median': 7.67}",7.51
Re:CREATORS,0/22,TV,8.2,7.6,"Action, Fantasy, Sci-Fi",,https://myanimelist.net/anime/34561/Re_Creators,https://anilist.co/anime/97980,7.55,"{'arithmeticGeometricMean': 7.501105004099405, 'arithmeticMean': 7.502507936507936, 'median': 7.55}",7.55
Bloom Into You,0/13,TV,8.2,8,"Drama, Girls Love, Romance, School",,https://myanimelist.net/anime/37786/Yagate_Kimi_ni_Naru,https://anilist.co/anime/101573,7.88,"{'arithmeticGeometricMean': 7.962153825634326, 'arithmeticMean': 7.963867862296433, 'median': 7.99}",7.88
Dr. STONE: STONE WARS,0/11,TV,8.19,8.1,"Action, Adventure, Comedy, Sci-Fi",,https://myanimelist.net/anime/40852/Dr_Stone__Stone_Wars,https://anilist.co/anime/113936,8.15,"{'arithmeticGeometricMean': 8.193706166541137, 'arithmeticMean': 8.197360956503815, 'median': 8.3}",8.15
The World God Only Knows,0/12,TV,8.18,8,"Comedy, Harem, Romance, Shounen, Supernatural",,https://myanimelist.net/anime/8525/Kami_nomi_zo_Shiru_Sekai,https://anilist.co/anime/8525,7.64,"{'arithmeticGeometricMean': 7.647936809087043, 'arithmeticMean': 7.648790764790765, 'median': 7.636363636363636}",7.64
Rokka -Braves of the Six Flowers-,0/12,TV,8.17,7.4,"Action, Adventure, Fantasy, Mystery, Magic",,https://myanimelist.net/anime/28497/Rokka_no_Yuusha,https://anilist.co/anime/20955,7.25,"{'arithmeticGeometricMean': 7.293953940602067, 'arithmeticMean': 7.295012987012988, 'median': 7.272727272727273}",7.25
Blue Box,0/25,ONA,8.17,TBD,"Sports, Romance, Shounen",[2024+] Ongoing 2024-2025,https://myanimelist.net/anime/57181/Ao_no_Hako,https://anilist.co/anime/189123,8.17,"{'arithmeticGeometricMean': 8.038799935085793, 'arithmeticMean': 8.044241599670173, 'median': 8.17}",8.17
Plunderer,0/24,TV,8.16,6.5,"Action, Ecchi, Fantasy, Shounen",,https://myanimelist.net/anime/37345/Plunderer,https://anilist.co/anime/101168/Plunderer,6.65,,6.65
Noragami Aragoto,0/13,TV,8.16,8.2,"Action, Adventure, Supernatural, Shounen",,https://myanimelist.net/anime/30503/Noragami_Aragoto,https://anilist.co/anime/21128,8.14,"{'arithmeticGeometricMean': 8.13493960516234, 'arithmeticMean': 8.13709420737992, 'median': 8.15}",8.14
March comes in like a lion Season 2,0/22,TV,8.16,8.9,"Drama, Game, Seinen, Slice of Life, Sports",,https://myanimelist.net/anime/35180/3-gatsu_no_Lion_2nd_Season,https://anilist.co/anime/98478,8.9,"{'arithmeticGeometricMean': 8.651916683743474, 'arithmeticMean': 8.653078128220987, 'median': 8.61}",8.90
Death Parade,0/12,TV,8.16,8.2,"Drama, Game, Mystery, Psychological, Thriller",,https://myanimelist.net/anime/28223/Death_Parade,https://anilist.co/anime/20931/Death-Parade,8.14,,8.14
Death March to the Parallel World Rhapsody,0/12,TV,8.15,6.5,"Action, Adventure, Fantasy, Harem, Isekai",,https://myanimelist.net/anime/34497/Death_March_kara_Hajimaru_Isekai_Kyousoukyoku,https://anilist.co/anime/97907,6.43,"{'arithmeticGeometricMean': 6.7719802618975224, 'arithmeticMean': 6.77784126984127, 'median': 6.8}",6.43
Infinite Stratos,0/12,TV,8.14,6.6,"Action, Comedy, Harem, Mecha, Romance, School, Sci-Fi",,https://myanimelist.net/anime/9041/IS__Infinite_Stratos,https://anilist.co/anime/9041,6.6,"{'arithmeticGeometricMean': 6.813627834169818, 'arithmeticMean': 6.815899608328179, 'median': 6.877551020408163}",6.60
My Teen Romantic Comedy SNAFU,0/13,TV,8.12,7.9,"Comedy, Romance, School, Slice of Life",,https://myanimelist.net/anime/14813/Yahari_Ore_no_Seishun_Love_Comedy_wa_Machigatteiru,https://anilist.co/anime/14813,8,"{'arithmeticGeometricMean': 7.9542832059989586, 'arithmeticMean': 7.955324263038548, 'median': 8.0}",8.00
Spice and Wolf: MERCHANT MEETS THE WISE WOLF,0/25,TV,8.11,TBD,"Adventure, Fantasy, Romance",[2024+] Aired 2024,https://myanimelist.net/anime/51122/Ookami_to_Koushinryou__Merchant_Meets_the_Wise_Wolf,https://anilist.co/anime/145728,8.12,"{'arithmeticGeometricMean': 8.12606085516033, 'arithmeticMean': 8.126617346938776, 'median': 8.114999999999998}",8.12
Sankarea: Undying Love,0/12,TV,8.11,7.4,"Comedy, Ecchi, Horror, Romance, Shounen, Supernatural",,https://myanimelist.net/anime/11499/Sankarea,https://anilist.co/anime/11499,7.26,"{'arithmeticGeometricMean': 7.354847362112592, 'arithmeticMean': 7.356119975262832, 'median': 7.4}",7.26
Platinum End,0/24,TV,8.11,6.1,"Drama, Supernatural, Suspense, Shounen",,https://myanimelist.net/anime/44961/Platinum_End,https://anilist.co/anime/127401/Platinum-End,6.02,,6.02
"I Got a Cheat Skill in Another World and Became Unrivaled in The Real World, Too",0/13,TV,8.11,6.3,"Action, Adventure, Fantasy, Harem, Isekai",,https://myanimelist.net/anime/52830/Isekai_de_Cheat_Skill_wo_Te_ni_Shita_Ore_wa_Genjitsu_Sekai_wo_mo_Musou_Suru__Level_Up_wa_Jinsei_wo_Kaeta,https://anilist.co/anime/170110,6.33,"{'arithmeticGeometricMean': 8.919070440643244, 'arithmeticMean': 8.95, 'median': 8.95}",6.33
Tamako Market,0/12,TV,8.1,7.5,"Slice of Life, Comedy",,https://myanimelist.net/anime/16417/Tamako_Market,https://anilist.co/anime/21014,7.41,"{'arithmeticGeometricMean': 6.622256783840447, 'arithmeticMean': 6.636102305857409, 'median': 6.545454545454545}",7.41
Yona of the Dawn,0/24,TV,8.08,8,"Action, Adventure, Comedy, Fantasy, Romance, Shoujo",,https://myanimelist.net/anime/25013/Akatsuki_no_Yona,https://anilist.co/anime/21138,8.04,"{'arithmeticGeometricMean': 8.028303443785816, 'arithmeticMean': 8.030439497010924, 'median': 8.0}",8.04
Sonny Boy,0/12,TV,8.08,8,"Mystery, Sci-Fi, Supernatural, Thriller",,https://myanimelist.net/anime/48849/Sonny_Boy,https://anilist.co/anime/132126,7.84,7.7,7.77
Seirei Gensouki: Spirit Chronicles,0/12,TV,8.08,7.1,"Action, Adventure, Fantasy, Harem, Isekai, Romance",,https://myanimelist.net/anime/44203/Seirei_Gensouki,https://anilist.co/anime/126546/Seirei-Gensouki,7.06,6.9,6.98
Dr. STONE,0/24,TV,8.08,8.1,"Action, Adventure, Comedy, Sci-Fi",,https://myanimelist.net/anime/38691/Dr_Stone,https://anilist.co/anime/105333/Dr-STONE,8.26,8.1,8.18
"Girlfriend, Girlfriend",0/12,TV,8.07,6.49,"6.5, Comedy, Harem, Romance, School, Shounen",,https://myanimelist.net/anime/43969/Kanojo_mo_Kanojo,https://anilist.co/anime/126192/Kanojo-mo-Kanojo,6.51,6.3,6.40
AHO-GIRL,0/12,TV,8.07,7,"Comedy, Romance, School, Slice of Life",,https://myanimelist.net/anime/34881/Aho_Girl,https://anilist.co/anime/98251/AhoGirl,6.71,6.4,6.55
Uncle from Another World,0/13,TV,8.06,8,"Comedy, Fantasy, Isekai, Parody",,https://myanimelist.net/anime/49220/Isekai_Ojisan,https://anilist.co/anime/135806/Isekai-Ojisan,7.75,7.6,7.67
Toradora!,0/25,TV,8.06,8,"Comedy, Drama, Romance, School, Slice of Life",,https://myanimelist.net/anime/4224/Toradora,https://anilist.co/anime/4224/Toradora,8.04,7.7,7.87
SCHOOL-LIVE!,0/12,TV,8.06,7.7,"Horror, Mystery, Psychological, School, Slice of Life, Supernatural",,https://myanimelist.net/anime/24765/Gakkougurashi,https://anilist.co/anime/20754/Gakkou-Gurashi,7.61,7.4,7.51
ID: INVADED,0/13,TV,8.06,8,"Mystery, Police, Psychological, Sci-Fi",,https://myanimelist.net/anime/40046/Id_Invaded,https://anilist.co/anime/110350/ID-INVADED,7.81,7.7,7.75
The Detective Is Already Dead,0/12,TV,8.05,6.5,"Comedy, Drama, Mystery, Romance, Supernatural",,https://myanimelist.net/anime/46471/Tantei_wa_Mou_Shindeiru,https://anilist.co/anime/128712/Tantei-wa-mou-Shindeiru,6.43,6.0,6.21
A Sign of Affection,0/12,TV,8.05,7.8,"Romance, Slice of Life, Drama, Girls Love",,https://myanimelist.net/anime/55866,https://anilist.co/anime/166794,"{'arithmeticGeometricMean': 8.115653843413389, 'arithmeticMean': 8.11937703566275, 'median': 8.2}","{'arithmeticGeometricMean': 8.115653843413389, 'arithmeticMean': 8.11937703566275, 'median': 8.2}",
Twin Star Exorcists,0/50,TV,8.04,7.8,"Action, Fantasy, Shounen, Supernatural",,https://myanimelist.net/anime/32105,https://anilist.co/anime/21499,7.29,"{'arithmeticGeometricMean': 7.147737652792558, 'arithmeticMean': 7.154821067821067, 'median': 7.3}",7.29
The Hidden Dungeon Only I Can Enter,0/12,TV,8.04,6.3,"Action, Adventure, Ecchi, Fantasy, Harem",,https://myanimelist.net/anime/41899,https://anilist.co/anime/118375,"{'arithmeticGeometricMean': 6.5056915997440266, 'arithmeticMean': 6.512439084724799, 'median': 6.6}","{'arithmeticGeometricMean': 6.5056915997440266, 'arithmeticMean': 6.512439084724799, 'median': 6.6}",
Talentless Nana,0/13,TV,8.03,7.4,"Psychological, Supernatural, Suspense, Thriller",,https://myanimelist.net/anime/41619,https://anilist.co/anime/117343,"{'arithmeticGeometricMean': 7.371046421886018, 'arithmeticMean': 7.3734817563389, 'median': 7.444}","{'arithmeticGeometricMean': 7.371046421886018, 'arithmeticMean': 7.3734817563389, 'median': 7.444}",
Buddy Daddies,0/12,TV,8.03,8,"Action, Comedy, Childcare",,https://myanimelist.net/anime/53411/Buddy_Daddies,https://anilist.co/anime/155907/Buddy-Daddies,,,
"Science Fell in Love, So I Tried to Prove It",0/12,TV,8.01,7.36,"7.4, Comedy, Romance, Seinen",,https://myanimelist.net/anime/38992,https://anilist.co/anime/107067,7.34,"{'arithmeticGeometricMean': 7.33586063386745, 'arithmeticMean': 7.337821067821068, 'median': 7.4}",7.34
Wotakoi: Love is Hard for Otaku,0/11,TV,8.00,7.9,"Comedy, Romance, Slice of Life",,https://myanimelist.net/anime/35968,https://anilist.co/anime/99578,"{'arithmeticGeometricMean': 7.94279060467577, 'arithmeticMean': 7.944964749536179, 'median': 7.979591836734692}","{'arithmeticGeometricMean': 7.94279060467577, 'arithmeticMean': 7.944964749536179, 'median': 7.979591836734692}",
"WorldEnd: What are you doing at the end of the world? Are you busy? Will you save us?""""",0/12,TV,8,7.9,"Drama, Fantasy, Romance, Sci-Fi",,https://myanimelist.net/anime/33502,https://anilist.co/anime/21860,7.67,7.7,7.69
World Trigger,0/73,TV,8,7.7,"Action, School, Sci-Fi, Shounen, Supernatural",,https://myanimelist.net/anime/24405/World_Trigger,https://anilist.co/anime/20729/World-Trigger,7.58,7.3,7.44
Tamako -love story-,0/1,Movie,8,8,"Comedy, Romance, Slice of Life",,https://myanimelist.net/anime/21647,https://anilist.co/anime/20519,"{'arithmeticGeometricMean': 7.897439951540313, 'arithmeticMean': 7.898516182230468, 'median': 7.91}","{'arithmeticGeometricMean': 7.897439951540313, 'arithmeticMean': 7.898516182230468, 'median': 7.91}",
Blast of Tempest,0/24,TV,8,7.9,"Action, Drama, Fantasy, Mystery, Psychological, Shounen",,https://myanimelist.net/anime/14075,https://anilist.co/anime/14075,"{'arithmeticGeometricMean': 7.791836346185886, 'arithmeticMean': 7.792748505462792, 'median': 7.8}","{'arithmeticGeometricMean': 7.791836346185886, 'arithmeticMean': 7.792748505462792, 'median': 7.8}",
Ranma1/2 (2024),0/12,TV,7.99,8.2,"Comedy, Romance, Martial Arts, Slice of Life",[2024-2025] Remake airing 2024,https://myanimelist.net/anime/59145,https://anilist.co/anime/178533,"{'arithmeticGeometricMean': 7.917709365255437, 'arithmeticMean': 7.919338486909914, 'median': 7.979591836734692}","{'arithmeticGeometricMean': 7.917709365255437, 'arithmeticMean': 7.919338486909914, 'median': 7.979591836734692}",
Boarding School Juliet,0/12,TV,7.99,7.6,"Action, Comedy, Romance, School, Shounen",,https://myanimelist.net/anime/37475,https://anilist.co/anime/101310,7.45,"{'arithmeticGeometricMean': 7.505548568269553, 'arithmeticMean': 7.508128220985365, 'median': 7.506}",7.45
Noragami,0/12,TV,7.98,7.9,"Action, Adventure, Supernatural, Shounen",,https://myanimelist.net/anime/20507/Noragami,https://anilist.co/anime/20447/Noragami,,,
TONIKAWA: Over The Moon For You,0/12,TV,7.96,7.9,"Comedy, Romance, Shounen",,https://myanimelist.net/anime/44931,https://anilist.co/anime/127371,"{'arithmeticGeometricMean': 7.974771473886469, 'arithmeticMean': 7.9788820861678005, 'median': 8.1}","{'arithmeticGeometricMean': 7.974771473886469, 'arithmeticMean': 7.9788820861678005, 'median': 8.1}",
Seitokai Yakuindomo,0/13,TV,7.96,7.7,"Comedy, School, Shounen, Slice of Life",,https://myanimelist.net/anime/20847,https://anilist.co/anime/20448,"{'arithmeticGeometricMean': 7.6748265429588365, 'arithmeticMean': 7.6757039785611205, 'median': 7.67}","{'arithmeticGeometricMean': 7.6748265429588365, 'arithmeticMean': 7.6757039785611205, 'median': 7.67}",
My Senpai is Annoying,0/12,TV,7.96,7.7,"Comedy, Romance, Slice of Life",,https://myanimelist.net/anime/42351,https://anilist.co/anime/120646,"{'arithmeticGeometricMean': 7.65616334806552, 'arithmeticMean': 7.658186971758401, 'median': 7.7272727272727275}","{'arithmeticGeometricMean': 7.65616334806552, 'arithmeticMean': 7.658186971758401, 'median': 7.7272727272727275}",
Date A Live III,0/12,TV,7.95,7.2,"Comedy, Harem, Mecha, Romance, School, Sci-Fi",,https://myanimelist.net/anime/36633,https://anilist.co/anime/100722,"{'arithmeticGeometricMean': 7.3509892401521775, 'arithmeticMean': 7.354778808493094, 'median': 7.3}","{'arithmeticGeometricMean': 7.3509892401521775, 'arithmeticMean': 7.354778808493094, 'median': 7.3}",
Blood Blockade Battlefront & Beyond,0/12,TV,7.95,7.9,"Action, Comedy, Fantasy, Supernatural, Vampire",,https://myanimelist.net/anime/34451,https://anilist.co/anime/97886,"{'arithmeticGeometricMean': 7.736340553536276, 'arithmeticMean': 7.73835642135642, 'median': 7.77}","{'arithmeticGeometricMean': 7.736340553536276, 'arithmeticMean': 7.73835642135642, 'median': 7.77}",
Maoyu: Archenemy & Hero,0/12,TV,7.94,7.4,"Adventure, Demons, Fantasy, Historical, Romance",,https://myanimelist.net/anime/14833,https://anilist.co/anime/14833,"{'arithmeticGeometricMean': 7.311095466690436, 'arithmeticMean': 7.31193403421975, 'median': 7.3}","{'arithmeticGeometricMean': 7.311095466690436, 'arithmeticMean': 7.31193403421975, 'median': 7.3}",
When Supernatural Battles Became Commonplace,0/12,TV,7.92,7.3,"Comedy, Fantasy, School, Slice of Life, Supernatural, Super Power",,https://myanimelist.net/anime/25159,https://anilist.co/anime/20646,"{'arithmeticGeometricMean': 7.058800927113214, 'arithmeticMean': 7.0603683776540915, 'median': 7.041}","{'arithmeticGeometricMean': 7.058800927113214, 'arithmeticMean': 7.0603683776540915, 'median': 7.041}",
Terror in Resonance,0/11,TV,7.92,8.1,"Mystery, Psychological, Thriller",,https://myanimelist.net/anime/23283/Zankyou_no_Terror,https://anilist.co/anime/20661/Zankyou-no-Terror,8.08,7.8,7.94
Plastic Memories,0/13,TV,7.92,7.9,"Drama, Romance, Sci-Fi, Slice of Life",,https://myanimelist.net/anime/27775/Plastic_Memories,https://anilist.co/anime/20872/Plastic-Memories,7.91,7.7,7.80
Angel Beats!,0/13,TV,7.90,7.7,"Action, Comedy, Drama, Supernatural",,https://myanimelist.net/anime/6547,https://anilist.co/anime/6547,"{'arithmeticGeometricMean': 8.132330264107344, 'arithmeticMean': 8.133574933003501, 'median': 8.16}","{'arithmeticGeometricMean': 8.132330264107344, 'arithmeticMean': 8.133574933003501, 'median': 8.16}",
SSSS.GRIDMAN,0/12,TV,7.89,7.9,"Action, Mecha, Sci-Fi",,https://myanimelist.net/anime/35847,https://anilist.co/anime/99424,"{'arithmeticGeometricMean': 7.104054710640925, 'arithmeticMean': 7.106885384456813, 'median': 7.13}","{'arithmeticGeometricMean': 7.104054710640925, 'arithmeticMean': 7.106885384456813, 'median': 7.13}",
Campfire Cooking in Another World with my Absurd Skill,0/12,TV,7.89,7.7,"Adventure, Fantasy, Gourmet, Isekai, Slice of Life",,https://myanimelist.net/anime/53446,https://anilist.co/anime/156067,"{'arithmeticGeometricMean': 7.7187542007305, 'arithmeticMean': 7.722596990311278, 'median': 7.8}","{'arithmeticGeometricMean': 7.7187542007305, 'arithmeticMean': 7.722596990311278, 'median': 7.8}",
The Future Diary,0/26,TV,7.88,7.5,"Action, Psychological, Supernatural, Thriller",,https://myanimelist.net/anime/10620,https://anilist.co/anime/10620,"{'arithmeticGeometricMean': 7.500253077728304, 'arithmeticMean': 7.503807256235827, 'median': 7.4}","{'arithmeticGeometricMean': 7.500253077728304, 'arithmeticMean': 7.503807256235827, 'median': 7.4}",
The Asterisk War 2,0/12,TV,7.88,7,"Action, Comedy, Ecchi, Fantasy, Harem, Romance, School, Sci-Fi",,https://myanimelist.net/anime/31737,https://anilist.co/anime/21390,"{'arithmeticGeometricMean': 7.147878370931199, 'arithmeticMean': 7.151229231086374, 'median': 7.2}","{'arithmeticGeometricMean': 7.147878370931199, 'arithmeticMean': 7.151229231086374, 'median': 7.2}",
Skeleton Knight in Another World,0/12,TV,7.88,7,"Action, Adventure, Fantasy, Isekai",,https://myanimelist.net/anime/48760,https://anilist.co/anime/132474,"{'arithmeticGeometricMean': 7.374567592475793, 'arithmeticMean': 7.3782131519274365, 'median': 7.4}","{'arithmeticGeometricMean': 7.374567592475793, 'arithmeticMean': 7.3782131519274365, 'median': 7.4}",
Reincarnated as a Sword,0/12,ONA,7.88,7.5,"Action, Adventure, Fantasy, Isekai",,https://myanimelist.net/anime/49891,https://anilist.co/anime/139587,"{'arithmeticGeometricMean': 7.703365873918524, 'arithmeticMean': 7.705409193980622, 'median': 7.7}","{'arithmeticGeometricMean': 7.703365873918524, 'arithmeticMean': 7.705409193980622, 'median': 7.7}",
B: The Beginning,0/12,ONA,7.88,7.2,"Action, Mystery, Police, Psychological, Supernatural, Thriller",,https://myanimelist.net/anime/37994,https://anilist.co/anime/102498,"{'arithmeticGeometricMean': 6.3570689335662935, 'arithmeticMean': 6.3683642547928265, 'median': 6.267999999999999}","{'arithmeticGeometricMean': 6.3570689335662935, 'arithmeticMean': 6.3683642547928265, 'median': 6.267999999999999}",
A Sister's All You Need.,0/12,TV,7.88,7.4,"Comedy, Drama, Romance, Ecchi",,https://myanimelist.net/anime/35413,https://anilist.co/anime/98596,"{'arithmeticGeometricMean': 7.209886482687751, 'arithmeticMean': 7.211554318697176, 'median': 7.24}","{'arithmeticGeometricMean': 7.209886482687751, 'arithmeticMean': 7.211554318697176, 'median': 7.24}",
Tokyo Ravens,0/24,TV,7.87,7.5,"Action, Comedy, Magic, Romance, School, Shounen, Supernatural",,https://myanimelist.net/anime/16011/Tokyo_Ravens,https://anilist.co/anime/16011/Tokyo-Ravens,,,
Insomniacs After School,0/13,TV,7.87,8.2,"Romance, Slice of Life",,https://myanimelist.net/anime/50796,https://anilist.co/anime/143653,"{'arithmeticGeometricMean': 8.063263223695902, 'arithmeticMean': 8.063817357245927, 'median': 8.1}","{'arithmeticGeometricMean': 8.063263223695902, 'arithmeticMean': 8.063817357245927, 'median': 8.1}",
Kono Oto Tomare!: Sounds of Life,0/13,TV,7.86,8,"Drama, Music, Romance, School, Shounen",,https://myanimelist.net/anime/38889,https://anilist.co/anime/108891,8.42,"{'arithmeticGeometricMean': 8.344858676636658, 'arithmeticMean': 8.345599257884974, 'median': 8.346938775510203}",8.42
DECA-DENCE,0/12,TV,7.86,7.5,"Action, Adventure, Sci-Fi",,https://myanimelist.net/anime/40056,https://anilist.co/anime/110353,"{'arithmeticGeometricMean': 7.4199667862360394, 'arithmeticMean': 7.421225108225108, 'median': 7.428571428571428}","{'arithmeticGeometricMean': 7.4199667862360394, 'arithmeticMean': 7.421225108225108, 'median': 7.428571428571428}",
Spice and Wolf II,0/12,TV,7.85,8.4,"Adventure, Fantasy, Historical, Romance, Supernatural",,https://myanimelist.net/anime/5341,https://anilist.co/anime/5341,"{'arithmeticGeometricMean': 8.354929023031877, 'arithmeticMean': 8.35531045145331, 'median': 8.31}","{'arithmeticGeometricMean': 8.354929023031877, 'arithmeticMean': 8.35531045145331, 'median': 8.31}",
I'm Quitting Heroing,0/12,TV,7.85,7.3,"Action, Adventure, Comedy, Fantasy",,https://myanimelist.net/anime/52977,https://anilist.co/anime/154178,"{'arithmeticGeometricMean': 5.315068733972649, 'arithmeticMean': 5.36436641929499, 'median': 5.708181818181819}","{'arithmeticGeometricMean': 5.315068733972649, 'arithmeticMean': 5.36436641929499, 'median': 5.708181818181819}",
Engaged to the Unidentified,0/12,TV,7.85,7.4,"Comedy, Romance, School, Slice of Life, Yuri",,https://myanimelist.net/anime/20541,https://anilist.co/anime/20483,"{'arithmeticGeometricMean': 7.458958121230542, 'arithmeticMean': 7.460029066171923, 'median': 7.4}","{'arithmeticGeometricMean': 7.458958121230542, 'arithmeticMean': 7.460029066171923, 'median': 7.4}",
Given The Movie,0/1,Movie,7.84,8.3,"Boys Love, Drama, Music, Romance, Slice of Life",,https://myanimelist.net/anime/40421,https://anilist.co/anime/111734,"{'arithmeticGeometricMean': 8.037626018537289, 'arithmeticMean': 8.042659863945579, 'median': 8.11}","{'arithmeticGeometricMean': 8.037626018537289, 'arithmeticMean': 8.042659863945579, 'median': 8.11}",
Undefeated Bahamut Chronicle,0/12,TV,7.83,6.6,"Action, Ecchi, Fantasy, Harem, Mecha, Romance, School, Shounen",,https://myanimelist.net/anime/30749,https://anilist.co/anime/21188,"{'arithmeticGeometricMean': 6.711927792599911, 'arithmeticMean': 6.716903061224491, 'median': 6.807272727272728}","{'arithmeticGeometricMean': 6.711927792599911, 'arithmeticMean': 6.716903061224491, 'median': 6.807272727272728}",
PLUTO,0/8,ONA,7.83,8.7,"Mystery, Sci-Fi, Suspense, Thriller",,https://myanimelist.net/anime/35737,https://anilist.co/anime/99088,"{'arithmeticGeometricMean': 8.269356885811687, 'arithmeticMean': 8.270813234384663, 'median': 8.314}","{'arithmeticGeometricMean': 8.269356885811687, 'arithmeticMean': 8.270813234384663, 'median': 8.314}",
I'm Standing on a Million Lives,0/12,TV,7.83,6.6,"Action, Drama, Fantasy, Shounen, Isekai",,https://myanimelist.net/anime/44881,https://anilist.co/anime/127366,"{'arithmeticGeometricMean': 6.916174365010871, 'arithmeticMean': 6.92099876314162, 'median': 6.909090909090909}","{'arithmeticGeometricMean': 6.916174365010871, 'arithmeticMean': 6.92099876314162, 'median': 6.909090909090909}",
"The Tunnel to Summer, the Exit of Goodbyes",0/1,Movie,7.81,7.63,"7.8, Romance, Sci-Fi, Seinen, Supernatural",,https://myanimelist.net/anime/50593,https://anilist.co/anime/142769,"{'arithmeticGeometricMean': 7.898325433172198, 'arithmeticMean': 7.9017728303442585, 'median': 7.994}","{'arithmeticGeometricMean': 7.898325433172198, 'arithmeticMean': 7.9017728303442585, 'median': 7.994}",
Suppose a Kid from the Last Dungeon Boonies moved to a starter town?,0/12,TV,7.79,6.4,"Comedy, Fantasy",,https://myanimelist.net/anime/40594,https://anilist.co/anime/112649,"{'arithmeticGeometricMean': 6.5972268130969605, 'arithmeticMean': 6.60179859822717, 'median': 6.6}","{'arithmeticGeometricMean': 6.5972268130969605, 'arithmeticMean': 6.60179859822717, 'median': 6.6}",
Rage of Bahamut: Genesis,0/12,TV,7.79,7.7,"Action, Adventure, Demons, Fantasy, Supernatural",,https://myanimelist.net/anime/28447,FAILED_LOOKUP,6.38,"{'arithmeticGeometricMean': 6.188377050284715, 'arithmeticMean': 6.190805194805195, 'median': 6.256428571428572}",6.38
Heaven's Lost Property,0/13,TV,7.79,7.5,"Comedy, Ecchi, Harem, Romance, Sci-Fi, Shounen, Supernatural",,https://myanimelist.net/anime/5958,https://anilist.co/anime/5958,"{'arithmeticGeometricMean': 7.2806541136814165, 'arithmeticMean': 7.28189775304061, 'median': 7.244897959183673}","{'arithmeticGeometricMean': 7.2806541136814165, 'arithmeticMean': 7.28189775304061, 'median': 7.244897959183673}",
Beyond the Boundary,0/12,TV,7.78,7.5,"Fantasy, Slice of Life, Supernatural",,https://myanimelist.net/anime/28675,https://anilist.co/anime/20963,"{'arithmeticGeometricMean': 8.074984940062706, 'arithmeticMean': 8.076500000000001, 'median': 8.110454545454544}","{'arithmeticGeometricMean': 8.074984940062706, 'arithmeticMean': 8.076500000000001, 'median': 8.110454545454544}",
Ranma1/2 (2024) Season 2,0/12,TV,7.77,TBD,"Comedy, Martial Arts, Romance, Slice of Life",[2024+] Upcoming,https://myanimelist.net/anime/60564,https://anilist.co/anime/185731,Unrated,Unrated,
My Mental Choices Are Completely Interfering With My School Romantic Comedy,0/10,TV,7.77,7.6,"Comedy, Romance, School",,https://myanimelist.net/anime/19221,https://anilist.co/anime/19221,"{'arithmeticGeometricMean': 7.1261988814866735, 'arithmeticMean': 7.127439084724799, 'median': 7.113}","{'arithmeticGeometricMean': 7.1261988814866735, 'arithmeticMean': 7.127439084724799, 'median': 7.113}",
Golden Time,0/24,TV,7.76,7.6,"Comedy, Drama, Romance, Seinen",,https://myanimelist.net/anime/36789,https://anilist.co/anime/102755,"{'arithmeticGeometricMean': 6.85081577152976, 'arithmeticMean': 6.856611184733633, 'median': 7.0}","{'arithmeticGeometricMean': 6.85081577152976, 'arithmeticMean': 6.856611184733633, 'median': 7.0}",
Charlotte,0/13,TV,7.75,7.8,"Drama, School, Supernatural",,https://myanimelist.net/anime/3196,https://anilist.co/anime/3196,"{'arithmeticGeometricMean': 6.5434410363534665, 'arithmeticMean': 6.558698648290486, 'median': 6.75}","{'arithmeticGeometricMean': 6.5434410363534665, 'arithmeticMean': 6.558698648290486, 'median': 6.75}",
Farming Life in Another World,0/12,TV,7.74,7.3,"Fantasy, Isekai, Slice of Life",,https://myanimelist.net/anime/51462,https://anilist.co/anime/146850,"{'arithmeticGeometricMean': 7.604086706726988, 'arithmeticMean': 7.609277880849309, 'median': 7.636363636363636}","{'arithmeticGeometricMean': 7.604086706726988, 'arithmeticMean': 7.609277880849309, 'median': 7.636363636363636}",
The King's Avatar,0/12,ONA,7.73,7.9,"Action, Game",,https://myanimelist.net/anime/37078,https://anilist.co/anime/101410,"{'arithmeticGeometricMean': 8.117970648607614, 'arithmeticMean': 8.119844619666047, 'median': 8.135454545454545}","{'arithmeticGeometricMean': 8.117970648607614, 'arithmeticMean': 8.119844619666047, 'median': 8.135454545454545}",
Dusk Maiden of Amnesia,0/12,TV,7.73,7.9,"Horror, Mystery, Romance, School, Shounen, Supernatural",,https://myanimelist.net/anime/12445,https://anilist.co/anime/12445,"{'arithmeticGeometricMean': 7.7686521849974755, 'arithmeticMean': 7.769330705009277, 'median': 7.802959183673469}","{'arithmeticGeometricMean': 7.7686521849974755, 'arithmeticMean': 7.769330705009277, 'median': 7.802959183673469}",
Fruits Basket (2019),0/25,TV,7.72,7.4,"Comedy, Drama, Romance, Supernatural, Slice of Life",,https://myanimelist.net/anime/38680,https://anilist.co/anime/105334,"{'arithmeticGeometricMean': 8.212813646662308, 'arithmeticMean': 8.21471634714492, 'median': 8.215}","{'arithmeticGeometricMean': 8.212813646662308, 'arithmeticMean': 8.21471634714492, 'median': 8.215}",
Aesthetica of a Rogue Hero,0/12,TV,7.72,6.8,"Action, Ecchi, Fantasy, School, Shounen, Supernatural",,https://myanimelist.net/anime/13161,https://anilist.co/anime/13161,"{'arithmeticGeometricMean': 6.847084087289053, 'arithmeticMean': 6.849081426509998, 'median': 6.877551020408163}","{'arithmeticGeometricMean': 6.847084087289053, 'arithmeticMean': 6.849081426509998, 'median': 6.877551020408163}",
Snow White with the Red Hair Season 2,0/12,TV,7.71,8,"Drama, Fantasy, Romance, Shoujo, Slice of Life",,https://myanimelist.net/anime/31173,https://anilist.co/anime/21258,"{'arithmeticGeometricMean': 8.040538759613298, 'arithmeticMean': 8.042504225932797, 'median': 8.0}","{'arithmeticGeometricMean': 8.040538759613298, 'arithmeticMean': 8.042504225932797, 'median': 8.0}",
The Reincarnation of the Strongest Exorcist in Another World,0/13,TV,7.7,6.5,"Action, Adventure, Fantasy, Harem, Isekai, Magic",,https://myanimelist.net/anime/50932,https://anilist.co/anime/144553,"{'arithmeticGeometricMean': 7.286228171817777, 'arithmeticMean': 7.290764584621728, 'median': 7.4}","{'arithmeticGeometricMean': 7.286228171817777, 'arithmeticMean': 7.290764584621728, 'median': 7.4}",
The Familiar of Zero: Knight of the Twin Moons,0/12,TV,7.7,7.6,"Action, Adventure, Comedy, Ecchi, Fantasy, Harem, Romance",,https://myanimelist.net/anime/1840,https://anilist.co/anime/1840,"{'arithmeticGeometricMean': 7.52308541156346, 'arithmeticMean': 7.524289837146981, 'median': 7.53}","{'arithmeticGeometricMean': 7.52308541156346, 'arithmeticMean': 7.524289837146981, 'median': 7.53}",
Engage Kiss,0/13,TV,7.69,7.2,"Comedy, Romance, Supernatural",,https://myanimelist.net/anime/51417/Engage_Kiss,https://anilist.co/anime/146625/Engage-Kiss,,,
Berserk of Gluttony,0/12,TV,7.69,6.4,"Action, Adventure, Fantasy, Isekai",,https://myanimelist.net/anime/53439,https://anilist.co/anime/156039,"{'arithmeticGeometricMean': 6.991932525217077, 'arithmeticMean': 6.999185064935065, 'median': 7.0520000000000005}","{'arithmeticGeometricMean': 6.991932525217077, 'arithmeticMean': 6.999185064935065, 'median': 7.0520000000000005}",
The Yakuza's Guide to Babysitting,0/12,TV,7.68,7.9,"Comedy, Slice of Life",,https://myanimelist.net/anime/49776,https://anilist.co/anime/138882,"{'arithmeticGeometricMean': 7.733190167932732, 'arithmeticMean': 7.737308183879612, 'median': 7.88}","{'arithmeticGeometricMean': 7.733190167932732, 'arithmeticMean': 7.737308183879612, 'median': 7.88}",
The Elusive Samurai,0/12,TV,7.68,7.9,"Comedy, Shounen",,https://myanimelist.net/anime/54724,https://anilist.co/anime/162896,"{'arithmeticGeometricMean': 7.695483026251, 'arithmeticMean': 7.698734281591424, 'median': 7.8}","{'arithmeticGeometricMean': 7.695483026251, 'arithmeticMean': 7.698734281591424, 'median': 7.8}",
TRIGUN STAMPEDE,0/12,TV,7.68,8,"Action, Adventure, Comedy, Drama, Sci-Fi, Shounen",,https://myanimelist.net/anime/54863,https://anilist.co/anime/163144,7.36,"{'arithmeticGeometricMean': 7.620142706772583, 'arithmeticMean': 7.627002886002888, 'median': 7.77}",7.36
TONIKAWA: Over The Moon For You Season 2,0/12,TV,7.68,8.1,"Comedy, Romance",,https://myanimelist.net/anime/50307,https://anilist.co/anime/141208,"{'arithmeticGeometricMean': 7.749585768612791, 'arithmeticMean': 7.752732426303855, 'median': 7.828}","{'arithmeticGeometricMean': 7.749585768612791, 'arithmeticMean': 7.752732426303855, 'median': 7.828}",
No Longer Allowed in Another World,0/12,TV,7.68,7.2,"Adventure, Comedy, Fantasy, Isekai",,https://myanimelist.net/anime/52367,https://anilist.co/anime/152137,"{'arithmeticGeometricMean': 7.179209784400506, 'arithmeticMean': 7.183786641929499, 'median': 7.25}","{'arithmeticGeometricMean': 7.179209784400506, 'arithmeticMean': 7.183786641929499, 'median': 7.25}",
High School Prodigies Have It Easy Even In Another World,0/12,TV,7.68,6.4,"Fantasy, Isekai",,https://myanimelist.net/anime/39523/Choujin_Koukousei-tachi_wa_Isekai_demo_Yoyuu_de_Ikinuku_you_desu,https://anilist.co/anime/108388/Choujin-Koukouseitachi-wa-Isekai-demo-Yoyuu-de-Ikinuku-you-desu,6.36,6.1,6.23
Girls und Panzer,0/12,TV,7.68,7.6,"Action, Military, School, Sports",,https://myanimelist.net/anime/16199,FAILED_LOOKUP,"{'arithmeticGeometricMean': 6.982840205963723, 'arithmeticMean': 6.986424242424242, 'median': 6.79}","{'arithmeticGeometricMean': 6.982840205963723, 'arithmeticMean': 6.986424242424242, 'median': 6.79}",
Failure Frame: I Became the Strongest and Annihilated Everything with Low-Level Spells,0/12,TV,7.68,6.4,"Action, Adventure, Fantasy, Harem, Isekai",,https://myanimelist.net/anime/57892,https://anilist.co/anime/173694,"{'arithmeticGeometricMean': 6.738058756221004, 'arithmeticMean': 6.7437967429396, 'median': 6.7272727272727275}","{'arithmeticGeometricMean': 6.738058756221004, 'arithmeticMean': 6.7437967429396, 'median': 6.7272727272727275}",
Full Dive: This Ultimate Next-Gen Full Dive RPG Is Even Shittier than Real Life!,0/12,TV,7.67,6.6,"Action, Comedy, Fantasy, Game",,https://myanimelist.net/anime/44276,https://anilist.co/anime/126791,"{'arithmeticGeometricMean': 6.539047190818555, 'arithmeticMean': 6.544546072974644, 'median': 6.545454545454545}","{'arithmeticGeometricMean': 6.539047190818555, 'arithmeticMean': 6.544546072974644, 'median': 6.545454545454545}",
Zom 100: Bucket List of the Dead,0/12,TV,7.66,7.7,"Action, Comedy, Horror, Supernatural, Survival",,https://myanimelist.net/anime/54112,https://anilist.co/anime/159831,"{'arithmeticGeometricMean': 7.7176665576376395, 'arithmeticMean': 7.723156668728098, 'median': 7.818181818181818}","{'arithmeticGeometricMean': 7.7176665576376395, 'arithmeticMean': 7.723156668728098, 'median': 7.818181818181818}",
Stars Align,0/12,TV,7.66,7.7,"Drama, School, Slice of Life, Sports, Boys Love",,https://myanimelist.net/anime/37972,https://anilist.co/anime/104052,"{'arithmeticGeometricMean': 7.6310653443522485, 'arithmeticMean': 7.63608781694496, 'median': 7.612244897959183}","{'arithmeticGeometricMean': 7.6310653443522485, 'arithmeticMean': 7.63608781694496, 'median': 7.612244897959183}",
Parallel World Pharmacy,0/12,TV,7.66,7.3,"Fantasy, Isekai",,https://myanimelist.net/anime/49438,https://anilist.co/anime/136707,"{'arithmeticGeometricMean': 7.464285912086819, 'arithmeticMean': 7.467698000412286, 'median': 7.5}","{'arithmeticGeometricMean': 7.464285912086819, 'arithmeticMean': 7.467698000412286, 'median': 7.5}",
The World God Only Knows II,0/12,TV,7.65,8.1,"Comedy, Harem, Romance, Shounen, Supernatural",,https://myanimelist.net/anime/10080,https://anilist.co/anime/10080,"{'arithmeticGeometricMean': 7.631, 'arithmeticMean': 7.631, 'median': 7.631}","{'arithmeticGeometricMean': 7.631, 'arithmeticMean': 7.631, 'median': 7.631}",
The Quintessential Quintuplets,0/12,TV,7.65,7.7,"Comedy, Harem, Romance, School, Shounen",,https://myanimelist.net/anime/54915,https://anilist.co/anime/163327,"{'arithmeticGeometricMean': 7.998966392390219, 'arithmeticMean': 8.002549165120593, 'median': 8.049}","{'arithmeticGeometricMean': 7.998966392390219, 'arithmeticMean': 8.002549165120593, 'median': 8.049}",
Record of Grancrest War,0/24,TV,7.65,7.4,"Action, Drama, Fantasy",,https://myanimelist.net/anime/34279,https://anilist.co/anime/97768,"{'arithmeticGeometricMean': 7.170004311516813, 'arithmeticMean': 7.172433106575964, 'median': 7.22}","{'arithmeticGeometricMean': 7.170004311516813, 'arithmeticMean': 7.172433106575964, 'median': 7.22}",
Pseudo Harem,0/12,TV,7.64,7.5,"Romance, School, Shounen",,https://myanimelist.net/anime/54968,https://anilist.co/anime/163623,"{'arithmeticGeometricMean': 7.7081683435213995, 'arithmeticMean': 7.712304061018347, 'median': 7.8}","{'arithmeticGeometricMean': 7.7081683435213995, 'arithmeticMean': 7.712304061018347, 'median': 7.8}",
KamiKatsu: Working for God in a Godless World,0/12,TV,7.64,6.4,"Action, Comedy, Fantasy, Isekai",,https://myanimelist.net/anime/51693,https://anilist.co/anime/148048,"{'arithmeticGeometricMean': 6.692450044355986, 'arithmeticMean': 6.6976773861059575, 'median': 6.818181818181818}","{'arithmeticGeometricMean': 6.692450044355986, 'arithmeticMean': 6.6976773861059575, 'median': 6.818181818181818}",
The Troubled Life of Miss Kotoura,0/12,TV,7.63,7.3,"Comedy, Drama, Romance, School",,https://myanimelist.net/anime/15379,https://anilist.co/anime/15379,"{'arithmeticGeometricMean': 7.254360099856306, 'arithmeticMean': 7.255614924757783, 'median': 7.244897959183673}","{'arithmeticGeometricMean': 7.254360099856306, 'arithmeticMean': 7.255614924757783, 'median': 7.244897959183673}",
The Familiar of Zero: Rondo of Princesses,0/12,TV,7.62,7.5,"Action, Adventure, Comedy, Ecchi, Fantasy, Romance, School",,https://myanimelist.net/anime/3712,https://anilist.co/anime/14467,"{'arithmeticGeometricMean': 7.399535553140872, 'arithmeticMean': 7.400831168831169, 'median': 7.428571428571428}","{'arithmeticGeometricMean': 7.399535553140872, 'arithmeticMean': 7.400831168831169, 'median': 7.428571428571428}",
The Familiar of Zero F,0/12,TV,7.62,7.7,"Adventure, Comedy, Ecchi, Fantasy, Magic, Romance, School",,https://myanimelist.net/anime/11319,https://anilist.co/anime/11319,"{'arithmeticGeometricMean': 7.4924083016063365, 'arithmeticMean': 7.494148423005566, 'median': 7.58}","{'arithmeticGeometricMean': 7.4924083016063365, 'arithmeticMean': 7.494148423005566, 'median': 7.58}",
Sasaki and Miyano,0/12,TV,7.62,8.4,"Boys Love, Slice of Life, Romance, School",,https://myanimelist.net/anime/50672,https://anilist.co/anime/143082,"{'arithmeticGeometricMean': 7.688462379258242, 'arithmeticMean': 7.694813234384664, 'median': 7.9}","{'arithmeticGeometricMean': 7.688462379258242, 'arithmeticMean': 7.694813234384664, 'median': 7.9}",
Ron Kamonohashi's Forbidden Deductions Season 2,0/13,TV,7.62,TBD,"Mystery, Shounen",[2024+] Upcoming,https://myanimelist.net/anime/57635,https://anilist.co/anime/172355,7.62,Unrated,7.62
Mushoku Tensei: Jobless Reincarnation Cour 2 - Eris the Goblin Slayer,0/1,Special,7.62,8.2,"Adventure, Drama, Fantasy, Ecchi, Magic, Isekai",,https://myanimelist.net/anime/50360,https://anilist.co/anime/141534,"{'arithmeticGeometricMean': 7.985265067931004, 'arithmeticMean': 7.985719851576994, 'median': 7.989795918367346}","{'arithmeticGeometricMean': 7.985265067931004, 'arithmeticMean': 7.985719851576994, 'median': 7.989795918367346}",
Masamune-kun's Revenge R,0/12,TV,7.62,7,"Comedy, Harem, Romance, School, Shounen",,https://myanimelist.net/anime/51498,https://anilist.co/anime/146953,"{'arithmeticGeometricMean': 7.3228939075365895, 'arithmeticMean': 7.329320140177283, 'median': 7.429090909090909}","{'arithmeticGeometricMean': 7.3228939075365895, 'arithmeticMean': 7.329320140177283, 'median': 7.429090909090909}",
Blood Blockade Battlefront,0/12,TV,7.62,7.7,"Action, Comedy, Fantasy, Supernatural, Vampire",,https://myanimelist.net/anime/24439,https://anilist.co/anime/20727,"{'arithmeticGeometricMean': 7.525575214670023, 'arithmeticMean': 7.527685631828488, 'median': 7.625}","{'arithmeticGeometricMean': 7.525575214670023, 'arithmeticMean': 7.527685631828488, 'median': 7.625}",
World's End Harem,0/11,TV,7.61,6.1,"Drama, Ecchi, Harem, Sci-Fi, Seinen",,https://myanimelist.net/anime/41946,FAILED_LOOKUP,"{'arithmeticGeometricMean': 5.943112004349805, 'arithmeticMean': 5.956879870129871, 'median': 6.042999999999999}","{'arithmeticGeometricMean': 5.943112004349805, 'arithmeticMean': 5.956879870129871, 'median': 6.042999999999999}",
The Kingdoms of Ruin,0/12,TV,7.61,6,"Action, Adventure, Drama, Fantasy, Magic, Sci-Fi, Shounen",,https://myanimelist.net/anime/54362,https://anilist.co/anime/160900,"{'arithmeticGeometricMean': 6.411319401790303, 'arithmeticMean': 6.419484693877551, 'median': 6.427272727272728}","{'arithmeticGeometricMean': 6.411319401790303, 'arithmeticMean': 6.419484693877551, 'median': 6.427272727272728}",
Restaurant to Another World,0/12,TV,7.6,7.4,"Fantasy, Gourmet, Isekai, Slice of Life",,https://myanimelist.net/anime/48804,https://anilist.co/anime/132806,"{'arithmeticGeometricMean': 7.74000844959576, 'arithmeticMean': 7.741823335394765, 'median': 7.818181818181818}","{'arithmeticGeometricMean': 7.74000844959576, 'arithmeticMean': 7.741823335394765, 'median': 7.818181818181818}",
Harem in the Labyrinth of Another World,0/12,TV,7.6,6.6,"Action, Adventure, Ecchi, Fantasy, Harem, Isekai",,https://myanimelist.net/anime/52281,FAILED_LOOKUP,"{'arithmeticGeometricMean': 6.7082517531521635, 'arithmeticMean': 6.715682513914658, 'median': 6.838775510204082}","{'arithmeticGeometricMean': 6.7082517531521635, 'arithmeticMean': 6.715682513914658, 'median': 6.838775510204082}",
Brynhildr in the Darkness,0/13,TV,7.6,7,"Drama, Fantasy, Mystery, Romance, Sci-Fi, Seinen",,https://myanimelist.net/anime/21431,https://anilist.co/anime/20534,"{'arithmeticGeometricMean': 6.907957266760204, 'arithmeticMean': 6.9107765409193975, 'median': 7.0}","{'arithmeticGeometricMean': 6.907957266760204, 'arithmeticMean': 6.9107765409193975, 'median': 7.0}",
Tales of Zestiria the X,0/13,TV,7.59,7.4,"Action, Adventure, Fantasy, Magic",,https://myanimelist.net/anime/34086,https://anilist.co/anime/97645,"{'arithmeticGeometricMean': 7.401635615616976, 'arithmeticMean': 7.403198928056071, 'median': 7.428}","{'arithmeticGeometricMean': 7.401635615616976, 'arithmeticMean': 7.403198928056071, 'median': 7.428}",
PSYCHO-PASS 3,0/8,TV,7.59,7.5,"Action, Mystery, Police, Sci-Fi, Thriller",,https://myanimelist.net/anime/39491,https://anilist.co/anime/108307,"{'arithmeticGeometricMean': 7.5567608089734275, 'arithmeticMean': 7.557340342197485, 'median': 7.545454545454546}","{'arithmeticGeometricMean': 7.5567608089734275, 'arithmeticMean': 7.557340342197485, 'median': 7.545454545454546}",
Our Dating Story: The Experienced You and The Inexperienced Me,0/12,TV,7.59,7.4,"Romance, School",,https://myanimelist.net/anime/52990,https://anilist.co/anime/154459,"{'arithmeticGeometricMean': 6.841903911039667, 'arithmeticMean': 6.852154401154401, 'median': 6.894}","{'arithmeticGeometricMean': 6.841903911039667, 'arithmeticMean': 6.852154401154401, 'median': 6.894}",
By the Grace of the Gods,0/12,TV,7.58,6.9,"Adventure, Fantasy, Isekai, Slice of Life",,https://myanimelist.net/anime/41312,https://anilist.co/anime/115740,"{'arithmeticGeometricMean': 7.216129305808939, 'arithmeticMean': 7.2216635745207185, 'median': 7.2}","{'arithmeticGeometricMean': 7.216129305808939, 'arithmeticMean': 7.2216635745207185, 'median': 7.2}",
?OSHI NO KO?Season 3,0/11,TV,7.58,TBD,"Drama, Reincarnation, Supernatural, Seinen",[2024+] Upcoming 2025,https://myanimelist.net/anime/60058,https://anilist.co/anime/182587,Unrated,Unrated,
ZENSHU,0/12,TV,7.57,TBD,"Romance, Slice of Life, Supernatural",[2024+] Winter 2025,https://myanimelist.net/anime/58502,https://anilist.co/anime/176273,"{'arithmeticGeometricMean': 7.426383802346041, 'arithmeticMean': 7.431203153988869, 'median': 7.522727272727273}","{'arithmeticGeometricMean': 7.426383802346041, 'arithmeticMean': 7.431203153988869, 'median': 7.522727272727273}",
Akebi's Sailor Uniform,0/12,TV,7.57,7.6,"Slice of Life, School",,https://myanimelist.net/anime/48553,https://anilist.co/anime/131548,"{'arithmeticGeometricMean': 7.679242106208149, 'arithmeticMean': 7.680789888682746, 'median': 7.683636363636364}","{'arithmeticGeometricMean': 7.679242106208149, 'arithmeticMean': 7.680789888682746, 'median': 7.683636363636364}",
Wotaku ni Koi wa Muzukashii OVA,0/3,OVA,7.56,8.1,"Comedy, Romance, Slice of Life",,https://myanimelist.net/anime/38304/Wotaku_ni_Koi_wa_Muzukashii_OVA,FAILED_LOOKUP,,,
OniAi,0/12,TV,7.56,6.7,"Comedy, Ecchi, Harem, Romance, School",,https://myanimelist.net/anime/14199,https://anilist.co/anime/14199,"{'arithmeticGeometricMean': 6.486118049343598, 'arithmeticMean': 6.489196248196247, 'median': 6.41}","{'arithmeticGeometricMean': 6.486118049343598, 'arithmeticMean': 6.489196248196247, 'median': 6.41}",
Knight's & Magic,0/13,TV,7.56,7.3,"Action, Fantasy, Magic, Mecha, School",,https://myanimelist.net/anime/34104,https://anilist.co/anime/97663,7.07,7.1,7.08
Grimoire of Zero,0/12,TV,7.56,7.2,"Action, Adventure, Fantasy, Magic",,https://myanimelist.net/anime/34176,https://anilist.co/anime/97682,"{'arithmeticGeometricMean': 7.209252694511743, 'arithmeticMean': 7.211441352298495, 'median': 7.2}","{'arithmeticGeometricMean': 7.209252694511743, 'arithmeticMean': 7.211441352298495, 'median': 7.2}",
Ben-To,0/12,TV,7.56,7.3,"Action, Comedy, Martial Arts, School",,https://myanimelist.net/anime/10396,https://anilist.co/anime/10396,"{'arithmeticGeometricMean': 7.228124466755555, 'arithmeticMean': 7.229226963512679, 'median': 7.18}","{'arithmeticGeometricMean': 7.228124466755555, 'arithmeticMean': 7.229226963512679, 'median': 7.18}",
Beast Tamer,0/13,TV,7.56,6,"Action, Adventure, Comedy, Fantasy, Harem",,https://myanimelist.net/anime/52046,https://anilist.co/anime/150695,6.9,"{'arithmeticGeometricMean': 7.112313574569511, 'arithmeticMean': 7.119178726035869, 'median': 7.2}",6.90
The World God Only Knows: Goddesses,0/12,TV,7.55,8.1,"Comedy, Harem, Romance, Supernatural",,https://myanimelist.net/anime/16706,https://anilist.co/anime/16706,"{'arithmeticGeometricMean': 7.97946507132427, 'arithmeticMean': 7.97997485054628, 'median': 7.979591836734692}","{'arithmeticGeometricMean': 7.97946507132427, 'arithmeticMean': 7.97997485054628, 'median': 7.979591836734692}",
The Pet Girl of Sakurasou,0/24,TV,7.55,7.6,"Comedy, Drama, Romance, School, Slice of Life",,https://myanimelist.net/anime/13759,https://anilist.co/anime/13759,"{'arithmeticGeometricMean': 7.991502239495383, 'arithmeticMean': 7.993635539064111, 'median': 8.04}","{'arithmeticGeometricMean': 7.991502239495383, 'arithmeticMean': 7.993635539064111, 'median': 8.04}",
The Founder of Diabolism,0/15,ONA,7.55,8.8,"Action, Adventure, Boys Love, Comedy, Drama, Historical, Martial Arts, Supernatural, Xianxia",,https://myanimelist.net/anime/38450,https://anilist.co/anime/104458,8.46,"{'arithmeticGeometricMean': 8.208124832196079, 'arithmeticMean': 8.2158719851577, 'median': 8.343181818181819}",8.46
The Executioner and Her Way of Life,0/12,TV,7.55,6.5,"Action, Fantasy, Girls Love, Magic",,https://myanimelist.net/anime/47162,https://anilist.co/anime/129193,"{'arithmeticGeometricMean': 7.110724470180058, 'arithmeticMean': 7.117105751391467, 'median': 7.090909090909091}","{'arithmeticGeometricMean': 7.110724470180058, 'arithmeticMean': 7.117105751391467, 'median': 7.090909090909091}",
Handyman Saitou in Another World,0/12,TV,7.55,7.3,"Adventure, Comedy, Fantasy, Isekai",,https://myanimelist.net/anime/50854,https://anilist.co/anime/144092,"{'arithmeticGeometricMean': 7.365789708204001, 'arithmeticMean': 7.3678622448979585, 'median': 7.385}","{'arithmeticGeometricMean': 7.365789708204001, 'arithmeticMean': 7.3678622448979585, 'median': 7.385}",
Akiba Maid War,0/12,TV,7.55,7.9,"Action, Comedy, Drama",,https://myanimelist.net/anime/52193,https://anilist.co/anime/151379,"{'arithmeticGeometricMean': 7.553651646003891, 'arithmeticMean': 7.556220985363843, 'median': 7.636363636363636}","{'arithmeticGeometricMean': 7.553651646003891, 'arithmeticMean': 7.556220985363843, 'median': 7.636363636363636}",
"The Fruit of Evolution: Before I Knew It, My Life Had It Made",0/12,TV,7.53,6.59,"6.7, Adventure, Comedy, Fantasy, Harem",,https://myanimelist.net/anime/46985,https://anilist.co/anime/129068,"{'arithmeticGeometricMean': 6.309655708911675, 'arithmeticMean': 6.326368377654091, 'median': 6.5}","{'arithmeticGeometricMean': 6.309655708911675, 'arithmeticMean': 6.326368377654091, 'median': 6.5}",
PSYCHO-PASS: The Movie,0/1,Movie,7.53,7.8,"Action, Mystery, Police, Sci-Fi, Thriller",,https://myanimelist.net/anime/21339,https://anilist.co/anime/20514,"{'arithmeticGeometricMean': 7.7593077539363815, 'arithmeticMean': 7.760608070500927, 'median': 7.753636363636364}","{'arithmeticGeometricMean': 7.7593077539363815, 'arithmeticMean': 7.760608070500927, 'median': 7.753636363636364}",
Shomin Sample,0/12,TV,7.51,7.4,"Comedy, Harem, Romance, School, Shounen",,https://myanimelist.net/anime/25099,https://anilist.co/anime/20771,6.65,"{'arithmeticGeometricMean': 6.81300589890996, 'arithmeticMean': 6.81554009482581, 'median': 6.875}",6.65
K: RETURN OF KINGS,0/13,TV,7.51,7.7,"Action, Magic, Supernatural",,https://myanimelist.net/anime/27991,https://anilist.co/anime/20913,"{'arithmeticGeometricMean': 7.512057170979094, 'arithmeticMean': 7.515405071119357, 'median': 7.545454545454546}","{'arithmeticGeometricMean': 7.512057170979094, 'arithmeticMean': 7.515405071119357, 'median': 7.545454545454546}",
My Instant Death Ability is Overpowered,0/12,TV,7.5,7.4,"Adventure, Comedy, Fantasy, Isekai",,https://myanimelist.net/anime/53730,https://anilist.co/anime/158028,"{'arithmeticGeometricMean': 6.613727915182666, 'arithmeticMean': 6.620330241187384, 'median': 6.618181818181818}","{'arithmeticGeometricMean': 6.613727915182666, 'arithmeticMean': 6.620330241187384, 'median': 6.618181818181818}",
Seirei Gensouki: Spirit Chronicles Season 2,0/12,TV,7.49,7.1,"Action, Adventure, Fantasy, Harem, Isekai, Romance",,https://myanimelist.net/anime/50306,https://anilist.co/anime/141182,"{'arithmeticGeometricMean': 7.203917284939675, 'arithmeticMean': 7.211371521335808, 'median': 7.228}","{'arithmeticGeometricMean': 7.203917284939675, 'arithmeticMean': 7.211371521335808, 'median': 7.228}",
"I'm the Villainess, So I'm Taming the Final Boss",0/12,TV,7.49,7.85,"7.9, Comedy, Fantasy, Isekai, Romance, Shoujo, Villainess",,https://myanimelist.net/anime/49979,https://anilist.co/anime/139820,"{'arithmeticGeometricMean': 7.215424449259011, 'arithmeticMean': 7.221285714285715, 'median': 7.363636363636363}","{'arithmeticGeometricMean': 7.215424449259011, 'arithmeticMean': 7.221285714285715, 'median': 7.363636363636363}",
Dimension W,0/12,TV,7.49,6.9,"Action, Sci-Fi, Seinen, Supernatural",,https://myanimelist.net/anime/31163/Dimension_W,https://anilist.co/anime/21256/Dimension-W,,,
RADIANT,0/21,TV,7.48,6.9,"Action, Adventure, Comedy, Fantasy, Magic, Shounen",,https://myanimelist.net/anime/39355,https://anilist.co/anime/108040,7.56,"{'arithmeticGeometricMean': 7.590580365859341, 'arithmeticMean': 7.594799010513295, 'median': 7.7}",7.56
Masamune-kun's Revenge,0/12,TV,7.48,7.5,"Comedy, Harem, Romance, School, Shounen",,https://myanimelist.net/anime/37377,https://anilist.co/anime/101213,"{'arithmeticGeometricMean': 6.705208190882648, 'arithmeticMean': 6.711130333951762, 'median': 6.663636363636364}","{'arithmeticGeometricMean': 6.705208190882648, 'arithmeticMean': 6.711130333951762, 'median': 6.663636363636364}",
Darker than Black: Gemini of the Meteor,0/12,TV,7.48,7.5,"Action, Mystery, Sci-Fi, Supernatural",,https://myanimelist.net/anime/6573,https://anilist.co/anime/6573,"{'arithmeticGeometricMean': 7.577460766034737, 'arithmeticMean': 7.578314162028448, 'median': 7.58}","{'arithmeticGeometricMean': 7.577460766034737, 'arithmeticMean': 7.578314162028448, 'median': 7.58}",
Blue Exorcist,0/25,TV,7.48,7.6,"Action, Demons, Fantasy, Shounen, Supernatural",,https://myanimelist.net/anime/9919,https://anilist.co/anime/9919,"{'arithmeticGeometricMean': 7.634253521487743, 'arithmeticMean': 7.636617192331479, 'median': 7.6}","{'arithmeticGeometricMean': 7.634253521487743, 'arithmeticMean': 7.636617192331479, 'median': 7.6}",
Why Raeliana Ended Up at the Duke's Mansion,0/12,TV,7.47,7.5,"Fantasy, Romance, Isekai",,https://myanimelist.net/anime/52308,https://anilist.co/anime/151847,7.53,"{'arithmeticGeometricMean': 7.591315100225299, 'arithmeticMean': 7.594974850546279, 'median': 7.636363636363636}",7.53
Undead Murder Farce,0/13,TV,7.46,7.9,"Fantasy, Mystery, Supernatural",,https://myanimelist.net/anime/54790,https://anilist.co/anime/162983,"{'arithmeticGeometricMean': 7.8208527612009275, 'arithmeticMean': 7.823267779839209, 'median': 7.952}","{'arithmeticGeometricMean': 7.8208527612009275, 'arithmeticMean': 7.823267779839209, 'median': 7.952}",
The Witch and the Beast,0/12,TV,7.46,7.9,"Action, Adventure, Drama, Fantasy, Seinen",,https://myanimelist.net/anime/52816,https://anilist.co/anime/153818,7.45,"{'arithmeticGeometricMean': 7.364525065104542, 'arithmeticMean': 7.368572665429808, 'median': 7.512}",7.45
The Qwaser of Stigmata,0/24,TV,7.46,6.5,"Action, Ecchi, Seinen, Supernatural",,https://myanimelist.net/anime/9202,https://anilist.co/anime/9202,"{'arithmeticGeometricMean': 6.247635265650149, 'arithmeticMean': 6.266520923520924, 'median': 6.358}","{'arithmeticGeometricMean': 6.247635265650149, 'arithmeticMean': 6.266520923520924, 'median': 6.358}",
Seiren,0/12,TV,7.46,6.4,"Comedy, Romance, School",,https://myanimelist.net/anime/32245/Seiren,https://anilist.co/anime/97730/Seiren,,,
Ningen Fushin: Adventurers Who Don't Believe in Humanity Will Save the World,0/12,ONA,7.46,7,"Action, Adventure, Fantasy",,https://myanimelist.net/anime/49612,https://anilist.co/anime/137909,"{'arithmeticGeometricMean': 6.529266902753612, 'arithmeticMean': 6.53457560296846, 'median': 6.577727272727273}","{'arithmeticGeometricMean': 6.529266902753612, 'arithmeticMean': 6.53457560296846, 'median': 6.577727272727273}",
Majikoi: Oh! Samurai Girls,0/12,TV,7.46,7,"Action, Comedy, Martial Arts, School, Harem",,https://myanimelist.net/anime/10213,https://anilist.co/anime/10213,"{'arithmeticGeometricMean': 6.670365724175101, 'arithmeticMean': 6.674066326530612, 'median': 6.723000000000001}","{'arithmeticGeometricMean': 6.670365724175101, 'arithmeticMean': 6.674066326530612, 'median': 6.723000000000001}",
Love is Like a Cocktail,0/13,TV Short,7.45,7.1,"Comedy, Romance, Slice of Life",,https://myanimelist.net/anime/35484,https://anilist.co/anime/98657,"{'arithmeticGeometricMean': 6.905091271446529, 'arithmeticMean': 6.907804576376005, 'median': 6.96}","{'arithmeticGeometricMean': 6.905091271446529, 'arithmeticMean': 6.907804576376005, 'median': 6.96}",
TONIKAWA: Over The Moon For You ~SNS~,0/1,OVA,7.44,7.9,"Comedy, Romance, Slice of Life",,https://myanimelist.net/anime/44931,https://anilist.co/anime/127371,"{'arithmeticGeometricMean': 7.974771473886469, 'arithmeticMean': 7.9788820861678005, 'median': 8.1}","{'arithmeticGeometricMean': 7.974771473886469, 'arithmeticMean': 7.9788820861678005, 'median': 8.1}",
A Galaxy Next Door,0/12,TV,7.44,7.5,"Romance, Slice of Life, Supernatural",,https://myanimelist.net/anime/51705,https://anilist.co/anime/148098,"{'arithmeticGeometricMean': 7.121569984170981, 'arithmeticMean': 7.127029066171924, 'median': 7.244897959183673}","{'arithmeticGeometricMean': 7.121569984170981, 'arithmeticMean': 7.127029066171924, 'median': 7.244897959183673}",
When Will Ayumu Make His Move?,0/12,TV,7.42,7.3,"Comedy, Romance, School, Slice of Life, Shounen",,https://myanimelist.net/anime/45653,https://anilist.co/anime/128223,"{'arithmeticGeometricMean': 7.068549094211398, 'arithmeticMean': 7.0716856318284895, 'median': 7.1}","{'arithmeticGeometricMean': 7.068549094211398, 'arithmeticMean': 7.0716856318284895, 'median': 7.1}",
Peach Boy Riverside,0/12,TV,7.42,6.8,"Fantasy, Horror, Mystery, Shounen",,https://myanimelist.net/anime/42847/Peach_Boy_Riverside,https://anilist.co/anime/122441/Peach-Boy-Riverside,,,
Life With an Ordinary Guy Who Reincarnated Into a Total Fantasy Knockout,0/12,TV,7.42,7.1,"Adventure, Comedy, Fantasy, Isekai, Romance",,https://myanimelist.net/anime/48997,https://anilist.co/anime/134252,"{'arithmeticGeometricMean': 6.838, 'arithmeticMean': 6.838, 'median': 6.838}","{'arithmeticGeometricMean': 6.838, 'arithmeticMean': 6.838, 'median': 6.838}",
Date A Live,0/12,TV,7.42,7.4,"Comedy, Harem, Mecha, Romance, School, Sci-Fi",,https://myanimelist.net/anime/52196,https://anilist.co/anime/151380,"{'arithmeticGeometricMean': 7.235591003600455, 'arithmeticMean': 7.238002886002887, 'median': 7.21}","{'arithmeticGeometricMean': 7.235591003600455, 'arithmeticMean': 7.238002886002887, 'median': 7.21}",
TRIGUN STARGAZE,0/12,TV,7.41,TBD,"Action, Sci-Fi, Shounen",[2024+] Upcoming 2026?,https://myanimelist.net/anime/54863,https://anilist.co/anime/163144,7.36,Unrated,7.36
UQ Holder!,0/12,TV,7.4,7.2,"Action, Fantasy, Magic, Sci-Fi, Shounen, Supernatural",,https://myanimelist.net/anime/34604,https://anilist.co/anime/98999,"{'arithmeticGeometricMean': 7.179059770783905, 'arithmeticMean': 7.184003246753248, 'median': 7.224}","{'arithmeticGeometricMean': 7.179059770783905, 'arithmeticMean': 7.184003246753248, 'median': 7.224}",
The Legend of the Legendary Heroes,0/24,TV,7.4,7.6,"Action, Adventure, Fantasy, Magic",,https://myanimelist.net/anime/8086,https://anilist.co/anime/8086,"{'arithmeticGeometricMean': 7.449622040728593, 'arithmeticMean': 7.452471655328799, 'median': 7.49}","{'arithmeticGeometricMean': 7.449622040728593, 'arithmeticMean': 7.452471655328799, 'median': 7.49}",
Rurouni Kenshin (2023),0/24,TV,7.4,7.7,"Action, Comedy, Drama, Historical, Romance, Samurai",,https://myanimelist.net/anime/50613,https://anilist.co/anime/142877,7.62,"{'arithmeticGeometricMean': 7.575151864589651, 'arithmeticMean': 7.577350443207586, 'median': 7.636363636363636}",7.62
Chillin' in My 30s after Getting Fired from the Demon King's Army,0/12,TV,7.4,7.3,"Fantasy, Slice of Life",,https://myanimelist.net/anime/52446,https://anilist.co/anime/152523,7,"{'arithmeticGeometricMean': 7.1116270589596775, 'arithmeticMean': 7.115770562770564, 'median': 7.1}",7.00
Seitokai Yakuindomo Season 2,0/13,TV,7.39,7.7,"Comedy, School, Shounen, Slice of Life",,https://myanimelist.net/anime/20847,https://anilist.co/anime/20448,"{'arithmeticGeometricMean': 7.6748265429588365, 'arithmeticMean': 7.6757039785611205, 'median': 7.67}","{'arithmeticGeometricMean': 7.6748265429588365, 'arithmeticMean': 7.6757039785611205, 'median': 7.67}",
Infinite Dendrogram,0/13,TV,7.39,6.5,"Action, Fantasy, Game, Sci-Fi",,https://myanimelist.net/anime/38909,https://anilist.co/anime/107420,6.2,"{'arithmeticGeometricMean': 6.345471745622158, 'arithmeticMean': 6.354687487116058, 'median': 6.4}",6.20
Ron Kamonohashi's Forbidden Deductions,0/13,TV,7.38,7.5,"Mystery, Shounen",,https://myanimelist.net/anime/57635,https://anilist.co/anime/172355,7.62,"{'arithmeticGeometricMean': 7.519809646466037, 'arithmeticMean': 7.52529993815708, 'median': 7.62}",7.62
Kingdom,0/38,TV,7.38,8,"Action, Historical, Military, Seinen, War",,https://myanimelist.net/anime/35645,https://anilist.co/anime/107252,"{'arithmeticGeometricMean': 8.121809901689891, 'arithmeticMean': 8.123902288188, 'median': 8.181818181818182}","{'arithmeticGeometricMean': 8.121809901689891, 'arithmeticMean': 8.123902288188, 'median': 8.181818181818182}",
Hitori no Shita - The Outcast,0/12,TV,7.38,6.6,"Action, Supernatural",,https://myanimelist.net/anime/33421,https://anilist.co/anime/21840,6.82,"{'arithmeticGeometricMean': 6.647592229253949, 'arithmeticMean': 6.653129663986807, 'median': 6.7272727272727275}",6.82
K: MISSING KINGS,0/1,Movie,7.37,7.7,"Action, Magic, Supernatural",,https://myanimelist.net/anime/16904,https://anilist.co/anime/16904,7.62,"{'arithmeticGeometricMean': 7.572459134837057, 'arithmeticMean': 7.575910121624407, 'median': 7.636363636363636}",7.62
Honey Lemon Soda,0/12,TV,7.37,7.5,"Romance, School, Shoujo",,https://myanimelist.net/anime/59571/Honey_Lemon_Soda,https://anilist.co/anime/175443/Honey-Lemon-Soda,,,
Can a Boy-Girl Friendship Survive?,0/12,TV,7.37,7.4,"Comedy, Romance",,https://myanimelist.net/anime/52709,https://anilist.co/anime/153554,"{'arithmeticGeometricMean': 6.742476169140098, 'arithmeticMean': 6.7542439703153985, 'median': 6.809090909090909}","{'arithmeticGeometricMean': 6.742476169140098, 'arithmeticMean': 6.7542439703153985, 'median': 6.809090909090909}",
Magical Warfare,0/12,TV,7.36,6.1,"Action, Fantasy, Magic",,https://myanimelist.net/anime/19769,https://anilist.co/anime/19769,5.95,"{'arithmeticGeometricMean': 5.91279180541158, 'arithmeticMean': 5.92110533910534, 'median': 6.0}",5.95
Love Lab,0/13,TV,7.36,7.5,"Comedy, Romance, School, Slice of Life",,https://myanimelist.net/anime/16353,https://anilist.co/anime/16353,7.3,7.3,7.30
You are Ms. Servant,0/12,TV,7.35,7.4,"Comedy, Romance",,https://myanimelist.net/anime/57611,https://anilist.co/anime/172190,7.06,"{'arithmeticGeometricMean': 7.087577817933648, 'arithmeticMean': 7.094134972170687, 'median': 7.140909090909091}",7.06
The Foolish Angel Dances with the Devil,0/12,TV,7.35,7.2,"Comedy, Fantasy, Romance, Supernatural",,https://myanimelist.net/anime/55129,https://anilist.co/anime/164244,"{'arithmeticGeometricMean': 6.912928633618697, 'arithmeticMean': 6.920771335807051, 'median': 6.955}","{'arithmeticGeometricMean': 6.912928633618697, 'arithmeticMean': 6.920771335807051, 'median': 6.955}",
Heaven's Lost Property: Forte,0/12,TV,7.34,7.7,"Comedy, Ecchi, Harem, Romance, Sci-Fi, Shounen, Supernatural",,https://myanimelist.net/anime/8407,https://anilist.co/anime/8407,"{'arithmeticGeometricMean': 7.4923076493870955, 'arithmeticMean': 7.493831168831169, 'median': 7.428571428571428}","{'arithmeticGeometricMean': 7.4923076493870955, 'arithmeticMean': 7.493831168831169, 'median': 7.428571428571428}",
SSSS.DYNAZENON,0/12,TV,7.33,7.6,"Action, Mecha, Sci-Fi",,https://myanimelist.net/anime/40870,https://anilist.co/anime/113950,"{'arithmeticGeometricMean': 7.264232481856459, 'arithmeticMean': 7.268515769944342, 'median': 7.3}","{'arithmeticGeometricMean': 7.264232481856459, 'arithmeticMean': 7.268515769944342, 'median': 7.3}",
Kakuriyo -Bed & Breakfast for Spirits-,0/26,TV,7.33,7.6,"Demons, Fantasy, Slice of Life, Supernatural",,https://myanimelist.net/anime/36754,https://anilist.co/anime/100500,"{'arithmeticGeometricMean': 7.547052046822449, 'arithmeticMean': 7.552001030715315, 'median': 7.6}","{'arithmeticGeometricMean': 7.547052046822449, 'arithmeticMean': 7.552001030715315, 'median': 7.6}",
I've Somehow Gotten Stronger When I Improved My Farm-Related Skills,0/12,TV,7.33,6.7,"Action, Adventure, Comedy, Fantasy",,https://myanimelist.net/anime/51128,https://anilist.co/anime/145815,"{'arithmeticGeometricMean': 6.085214366715371, 'arithmeticMean': 6.097501546072974, 'median': 6.15}","{'arithmeticGeometricMean': 6.085214366715371, 'arithmeticMean': 6.097501546072974, 'median': 6.15}",
Tawawa on Monday,0/12,ONA,7.32,7.1,"Comedy, Romance, Slice of Life",,https://myanimelist.net/anime/34213,https://anilist.co/anime/97716,"{'arithmeticGeometricMean': 6.427732147097406, 'arithmeticMean': 6.431382189239332, 'median': 6.4}","{'arithmeticGeometricMean': 6.427732147097406, 'arithmeticMean': 6.431382189239332, 'median': 6.4}",
Kabaneri of the Iron Fortress: The Battle of Unato,0/1,Movie,7.32,7.8,"Action, Drama, Fantasy, Horror, Supernatural",,https://myanimelist.net/anime/34544,https://anilist.co/anime/97918,"{'arithmeticGeometricMean': 7.668246293311808, 'arithmeticMean': 7.670314162028449, 'median': 7.7272727272727275}","{'arithmeticGeometricMean': 7.668246293311808, 'arithmeticMean': 7.670314162028449, 'median': 7.7272727272727275}",
I Have a Crush at Work,0/12,TV,7.32,7.4,"Romance, Slice of Life, Adult Cast",,https://myanimelist.net/anime/59361,https://anilist.co/anime/179696,"{'arithmeticGeometricMean': 7.47542440576848, 'arithmeticMean': 7.477821428571429, 'median': 7.505}","{'arithmeticGeometricMean': 7.47542440576848, 'arithmeticMean': 7.477821428571429, 'median': 7.505}",
Granblue Fantasy: The Animation,0/13,TV,7.32,6.7,"Adventure, Fantasy",,https://myanimelist.net/anime/31629,https://anilist.co/anime/21361,"{'arithmeticGeometricMean': 6.713121280682384, 'arithmeticMean': 6.71734817563389, 'median': 6.7272727272727275}","{'arithmeticGeometricMean': 6.713121280682384, 'arithmeticMean': 6.71734817563389, 'median': 6.7272727272727275}",
The Ones Within,0/12,TV,7.31,7,"Game, Mystery, Psychological",,https://myanimelist.net/anime/40460,https://anilist.co/anime/112177,"{'arithmeticGeometricMean': 6.888180419016652, 'arithmeticMean': 6.898971243042672, 'median': 6.985157699443413}","{'arithmeticGeometricMean': 6.888180419016652, 'arithmeticMean': 6.898971243042672, 'median': 6.985157699443413}",
My Tiny Senpai,0/12,TV,7.31,7.5,"Comedy, Romance, Slice of Life",,https://myanimelist.net/anime/53379,https://anilist.co/anime/155730,"{'arithmeticGeometricMean': 6.881303788623278, 'arithmeticMean': 6.888610801896515, 'median': 7.0}","{'arithmeticGeometricMean': 6.881303788623278, 'arithmeticMean': 6.888610801896515, 'median': 7.0}",
Medaka Kuroiwa is Impervious to My Charms,0/12,TV,7.31,7.4,"Comedy, Romance, School",,https://myanimelist.net/anime/61304,https://anilist.co/anime/188892,"{'arithmeticGeometricMean': 6.614010510482653, 'arithmeticMean': 6.625004741290455, 'median': 6.6}","{'arithmeticGeometricMean': 6.614010510482653, 'arithmeticMean': 6.625004741290455, 'median': 6.6}",
Kubikiri Cycle: The Blue Savant and the Nonsense User,0/8,OVA,7.3,8,"Mystery, Supernatural",,https://myanimelist.net/anime/33263,https://anilist.co/anime/21803,"{'arithmeticGeometricMean': 7.619933874993486, 'arithmeticMean': 7.6223320964749535, 'median': 7.74}","{'arithmeticGeometricMean': 7.619933874993486, 'arithmeticMean': 7.6223320964749535, 'median': 7.74}",
Made in Abyss: Wandering Twilight,0/1,Movie,7.29,8.2,"Adventure, Drama, Fantasy, Mystery, Sci-Fi, Seinen",,https://myanimelist.net/anime/37515,https://anilist.co/anime/101344,"{'arithmeticGeometricMean': 8.313946879482932, 'arithmeticMean': 8.314727272727273, 'median': 8.38}","{'arithmeticGeometricMean': 8.313946879482932, 'arithmeticMean': 8.314727272727273, 'median': 8.38}",
Campfire Cooking in Another World with my Absurd Skill Season 2,0/12,TV,7.29,7.6,"Adventure, Fantasy, Gourmet",,https://myanimelist.net/anime/57025,https://anilist.co/anime/170577,"{'arithmeticGeometricMean': 7.7357918229036535, 'arithmeticMean': 7.7416442486085355, 'median': 7.854545454545454}","{'arithmeticGeometricMean': 7.7357918229036535, 'arithmeticMean': 7.7416442486085355, 'median': 7.854545454545454}",
Spice and Wolf II: Wolf and the Amber Melancholy,0/1,OVA,7.28,8.1,"Adventure, Fantasy, Romance, Supernatural",,https://myanimelist.net/anime/6007,https://anilist.co/anime/6007,"{'arithmeticGeometricMean': 7.9052885675481335, 'arithmeticMean': 7.905698979591837, 'median': 7.85}","{'arithmeticGeometricMean': 7.9052885675481335, 'arithmeticMean': 7.905698979591837, 'median': 7.85}",
Princess Lover!,0/12,TV,7.28,6.9,"Comedy, Ecchi, Harem, Romance, School, Supernatural",,https://myanimelist.net/anime/8918,FAILED_LOOKUP,6.71,"{'arithmeticGeometricMean': 6.69697928883093, 'arithmeticMean': 6.702073180787466, 'median': 6.66}",6.71
Helck,0/24,TV,7.28,7.5,"Action, Adventure, Comedy, Demons, Fantasy",,https://myanimelist.net/anime/51020,https://anilist.co/anime/145140,7.29,7.3,7.29
TenPuru,0/12,TV,7.27,6.7,"Comedy, Ecchi, Harem, Romance, Slice of Life",,https://myanimelist.net/anime/54275,https://anilist.co/anime/160447,6.69,"{'arithmeticGeometricMean': 6.817674946057844, 'arithmeticMean': 6.823071325499898, 'median': 6.818181818181818}",6.69
RWBY: Ice Queendom,0/12,TV,7.27,6.4,"Action, Fantasy, Mahou Shoujo, Sci-Fi",,https://myanimelist.net/anime/51381,https://anilist.co/anime/146668,"{'arithmeticGeometricMean': 6.6107162706525875, 'arithmeticMean': 6.622566274994846, 'median': 6.568}","{'arithmeticGeometricMean': 6.6107162706525875, 'arithmeticMean': 6.622566274994846, 'median': 6.568}",
I'm Giving the Disgraced Noble Lady I Rescued a Crash Course in Naughtiness,0/12,TV,7.27,7.7,"Comedy, Ecchi, Fantasy, Romance, Shoujo, Yuri",,https://myanimelist.net/anime/52934,https://anilist.co/anime/154214,"{'arithmeticGeometricMean': 7.14899967321873, 'arithmeticMean': 7.155607606679035, 'median': 7.211363636363637}","{'arithmeticGeometricMean': 7.14899967321873, 'arithmeticMean': 7.155607606679035, 'median': 7.211363636363637}",
"Girlfriend, Girlfriend",0/12,TV,7.26,6.89,"7, Comedy, Harem, Romance, School, Shounen",,https://myanimelist.net/anime/53040,https://anilist.co/anime/154692,"{'arithmeticGeometricMean': 7.196395974829746, 'arithmeticMean': 7.201118119975263, 'median': 7.35}","{'arithmeticGeometricMean': 7.196395974829746, 'arithmeticMean': 7.201118119975263, 'median': 7.35}",
ORIENT,0/12,TV,7.25,6.7,"Action, Fantasy, Shounen, Supernatural, Samurai",,https://myanimelist.net/anime/51368,https://anilist.co/anime/146637,"{'arithmeticGeometricMean': 7.002934700366178, 'arithmeticMean': 7.012625025767884, 'median': 7.181818181818182}","{'arithmeticGeometricMean': 7.002934700366178, 'arithmeticMean': 7.012625025767884, 'median': 7.181818181818182}",
You and I Are Polar Opposites,0/12,TV,7.24,7.2,"Romance, School",,https://myanimelist.net/anime/60371,https://anilist.co/anime/184951,"{'arithmeticGeometricMean': 7.91717761300382, 'arithmeticMean': 7.923862244897959, 'median': 8.108}","{'arithmeticGeometricMean': 7.91717761300382, 'arithmeticMean': 7.923862244897959, 'median': 8.108}",
Yona of the Dawn OVA,0/3,OVA,7.24,8.2,"Action, Adventure, Comedy, Fantasy, Romance, Shoujo",,https://myanimelist.net/anime/30370,https://anilist.co/anime/21138,8.1,"{'arithmeticGeometricMean': 8.01650986014543, 'arithmeticMean': 8.01878787878788, 'median': 8.1}",8.10
Made in Abyss: Journey's Dawn,0/1,Movie,7.24,8.2,"Adventure, Drama, Fantasy, Mystery, Sci-Fi, Seinen",,https://myanimelist.net/anime/37514,https://anilist.co/anime/101343,"{'arithmeticGeometricMean': 8.181368015998475, 'arithmeticMean': 8.181818181818182, 'median': 8.236363636363636}","{'arithmeticGeometricMean': 8.181368015998475, 'arithmeticMean': 8.181818181818182, 'median': 8.236363636363636}",
The Moment You Fall in Love,0/1,Movie,7.23,7.3,"Romance, School",,https://myanimelist.net/anime/33036,https://anilist.co/anime/21757,"{'arithmeticGeometricMean': 7.063615093533225, 'arithmeticMean': 7.065974438260152, 'median': 7.061224489795917}","{'arithmeticGeometricMean': 7.063615093533225, 'arithmeticMean': 7.065974438260152, 'median': 7.061224489795917}",
TONIKAWA: Over The Moon For You ~Uniform~,0/1,Special,7.23,7.9,"Comedy, Romance, Slice of Life",,https://myanimelist.net/anime/51533,https://anilist.co/anime/141212,7.72,"{'arithmeticGeometricMean': 7.762901414247748, 'arithmeticMean': 7.766201195629766, 'median': 7.8954545454545455}",7.72
Recovery of an MMO Junkie OVA,0/1,OVA,7.23,7.3,"Comedy, Game, Romance, Slice of Life",,https://myanimelist.net/anime/36043,https://anilist.co/anime/100684,"{'arithmeticGeometricMean': 7.495626583696246, 'arithmeticMean': 7.4961861471861475, 'median': 7.494285714285714}","{'arithmeticGeometricMean': 7.495626583696246, 'arithmeticMean': 7.4961861471861475, 'median': 7.494285714285714}",
Dawang Raoming,0/12,ONA,7.23,7,"Action, Fantasy",,https://myanimelist.net/anime/44406,https://anilist.co/anime/120220,"{'arithmeticGeometricMean': 7.576606784285274, 'arithmeticMean': 7.579962430426717, 'median': 7.578849721706865}","{'arithmeticGeometricMean': 7.576606784285274, 'arithmeticMean': 7.579962430426717, 'median': 7.578849721706865}",
The Prince of Tennis,0/178,TV,7.22,7.9,"Action, Comedy, School, Shounen, Sports",,https://myanimelist.net/anime/22,https://anilist.co/anime/22,"{'arithmeticGeometricMean': 7.704384302141653, 'arithmeticMean': 7.706590599876313, 'median': 7.77}","{'arithmeticGeometricMean': 7.704384302141653, 'arithmeticMean': 7.706590599876313, 'median': 7.77}",
Blue Orchestra Season 2,0/21,TV,7.22,TBD,"Music, School, Slice of Life",[2024+] Upcoming,https://myanimelist.net/anime/56877,https://anilist.co/anime/170018,7.24,Unrated,7.24
the Garden of sinners -recalled out summer-,0/1,Movie,7.21,7.5,"Mystery, Supernatural, Drama, Romance, Thriller",,https://myanimelist.net/anime/14807,https://anilist.co/anime/14807,7.98,"{'arithmeticGeometricMean': 7.951932742777722, 'arithmeticMean': 7.952227375798805, 'median': 7.979591836734692}",7.98
Tokidoki Bosotto Russiago de Dereru Tonari no Alya-san Season 2,0,TV,7.2,TBD,"Comedy, Romance, School","""""Tokidoki Bosotto Russiago de Dereru Tonari no Alya-san Season 2""""",https://myanimelist.net/anime/59873,https://anilist.co/anime/181641,"{'arithmeticGeometricMean': 8.435354029258866, 'arithmeticMean': 8.447959183673468, 'median': 8.447959183673468}","{'arithmeticGeometricMean': 8.435354029258866, 'arithmeticMean': 8.447959183673468, 'median': 8.447959183673468}",
The Sacred Blacksmith,0/12,TV,7.2,6.8,"Action, Adventure, Fantasy",,https://myanimelist.net/anime/5940,https://anilist.co/anime/5940,"{'arithmeticGeometricMean': 6.7595308107796175, 'arithmeticMean': 6.761527726242012, 'median': 6.7}","{'arithmeticGeometricMean': 6.7595308107796175, 'arithmeticMean': 6.761527726242012, 'median': 6.7}",
Sweet Reincarnation,0/12,ONA,7.2,6.3,"Fantasy, Gourmet, Isekai",,https://myanimelist.net/anime/52611,https://anilist.co/anime/153339,6.7,"{'arithmeticGeometricMean': 6.828374265739689, 'arithmeticMean': 6.836473510616368, 'median': 6.909090909090909}",6.70
Sound! Euphonium 3,0/13,TV,7.2,TBD,"Drama, Music, School, Hibike! Euphonium 3",[2024+] 2024,https://myanimelist.net/anime/39894,https://anilist.co/anime/109731,8.72,"{'arithmeticGeometricMean': 8.44265003497104, 'arithmeticMean': 8.445084106369821, 'median': 8.378}",8.72
PSYCHO-PASS: Sinners of the System 1 - Crime and Punishment,0/1,Movie,7.2,7.7,"Action, Mystery, Police, Psychological, Sci-Fi",,https://myanimelist.net/anime/37440/Psycho-Pass__Sinners_of_the_System_Case1_-_Tsumi_to_Batsu,FAILED_LOOKUP,,,
Kaguya-sama: Love Is War -Stairway to Adulthood-,0/2,Special,7.2,8.5,"Comedy, Psychological, Romance",,https://myanimelist.net/anime/61903,https://anilist.co/anime/194884,"{'arithmeticGeometricMean': 8.367955783321793, 'arithmeticMean': 8.370280148423005, 'median': 8.494545454545454}","{'arithmeticGeometricMean': 8.367955783321793, 'arithmeticMean': 8.370280148423005, 'median': 8.494545454545454}",
Love Live! Nijigasaki High School Idol Club,0/13,TV,7.19,7.3,"Music, School, Slice of Life, Idols",,https://myanimelist.net/anime/48916,https://anilist.co/anime/133891,7.65,"{'arithmeticGeometricMean': 7.590304320071626, 'arithmeticMean': 7.592431251288395, 'median': 7.612244897959183}",7.65
La Storia Della Arcana Famiglia,0/12,TV,7.19,6.3,"Action, Harem, Romance, Shoujo",,https://myanimelist.net/anime/15411,https://anilist.co/anime/15411,"{'arithmeticGeometricMean': 6.913390798059441, 'arithmeticMean': 6.9173129251700685, 'median': 6.77}","{'arithmeticGeometricMean': 6.913390798059441, 'arithmeticMean': 6.9173129251700685, 'median': 6.77}",
LAZARUS,0/13,TV,7.19,TBD,"Action, Sci-Fi",[2024+] Upcoming 2025,https://myanimelist.net/anime/56038,https://anilist.co/anime/167336,7.18,Unrated,7.18
Code Geass: Rozé of the Recapture,0/12,ONA,7.19,7.2,"Action, Drama, Mecha, Military, Sci-Fi",,https://myanimelist.net/anime/56835,https://anilist.co/anime/126830,"{'arithmeticGeometricMean': 6.771224879935708, 'arithmeticMean': 6.7788633271490415, 'median': 6.818181818181818}","{'arithmeticGeometricMean': 6.771224879935708, 'arithmeticMean': 6.7788633271490415, 'median': 6.818181818181818}",
A Good Librarian Like a Good Shepherd,0/12,TV,7.19,6.6,"Comedy, Harem, Romance, School",,https://myanimelist.net/anime/17827,https://anilist.co/anime/17827,"{'arithmeticGeometricMean': 6.834878292996919, 'arithmeticMean': 6.837329828901257, 'median': 6.818181818181818}","{'arithmeticGeometricMean': 6.834878292996919, 'arithmeticMean': 6.837329828901257, 'median': 6.818181818181818}",
Tearmoon Empire,0/12,TV,7.18,7.4,"Comedy, Drama, Fantasy, Romance",,https://myanimelist.net/anime/52962,https://anilist.co/anime/154384,"{'arithmeticGeometricMean': 7.240239931189913, 'arithmeticMean': 7.243699855699855, 'median': 7.3260000000000005}","{'arithmeticGeometricMean': 7.240239931189913, 'arithmeticMean': 7.243699855699855, 'median': 7.3260000000000005}",
PSYCHO-PASS: Sinners of the System 2 - First Guardian,0/1,Movie,7.18,7.8,"Action, Mystery, Police, Psychological",,https://myanimelist.net/anime/37441,https://anilist.co/anime/104382,"{'arithmeticGeometricMean': 7.645721196435528, 'arithmeticMean': 7.646218181818182, 'median': 7.7}","{'arithmeticGeometricMean': 7.645721196435528, 'arithmeticMean': 7.646218181818182, 'median': 7.7}",
PSYCHO-PASS 3: First Inspector,0/3,ONA,7.16,7.6,"Action, Mystery, Police, Psychological, Sci-Fi, Thriller",,https://myanimelist.net/anime/40858,https://anilist.co/anime/113917,"{'arithmeticGeometricMean': 7.828565284072143, 'arithmeticMean': 7.829653525046381, 'median': 7.884545454545455}","{'arithmeticGeometricMean': 7.828565284072143, 'arithmeticMean': 7.829653525046381, 'median': 7.884545454545455}",
Migi&Dali,0/13,TV,7.16,7.9,"Comedy, Mystery, Slice of Life, Suspense",,https://myanimelist.net/anime/50586,https://anilist.co/anime/142666,"{'arithmeticGeometricMean': 7.477815448920309, 'arithmeticMean': 7.482396825396825, 'median': 7.6}","{'arithmeticGeometricMean': 7.477815448920309, 'arithmeticMean': 7.482396825396825, 'median': 7.6}",
given: on the other hand,0/1,OVA,7.14,7.9,"Boys Love, Drama, Romance",,https://myanimelist.net/anime/49053,https://anilist.co/anime/134710,8.13,"{'arithmeticGeometricMean': 7.925478094333522, 'arithmeticMean': 7.931358688930118, 'median': 7.979591836734692}",8.13
RADIANT Season 2,0/21,TV,7.12,7.2,"Action, Adventure, Comedy, Fantasy, Shounen",,https://myanimelist.net/anime/39355,https://anilist.co/anime/108040,7.56,"{'arithmeticGeometricMean': 7.590580365859341, 'arithmeticMean': 7.594799010513295, 'median': 7.7}",7.56
Haven't You Heard? I'm Sakamoto: Haven't You Heard? I was Sakamoto,0/1,OVA,7.11,7.6,"Comedy, School, Seinen, Slice of Life",,https://myanimelist.net/anime/33524,https://anilist.co/anime/21862,6.82,7.6,7.21
Darker than Black: Beneath Cherry Blossoms in Full Bloom,0/1,Special,7.11,7.6,"Action, Comedy, Mystery, Sci-Fi, Supernatural",,https://myanimelist.net/anime/4182,https://anilist.co/anime/4182,7.52,"{'arithmeticGeometricMean': 7.514587288579193, 'arithmeticMean': 7.516325293753865, 'median': 7.57}",7.52
ATRI -My Dear Moments-,0/13,TV,7.11,7.8,"Drama, Romance, Sci-Fi, Visual Novel",,https://myanimelist.net/anime/53128,https://anilist.co/anime/154963,7.2,"{'arithmeticGeometricMean': 7.198931686514549, 'arithmeticMean': 7.204608946608947, 'median': 7.272727272727273}",7.20
Isekai Quartet The Movie: Another World,0/1,Movie,7.1,7.3,"Comedy, Fantasy, Isekai, Parody",,https://myanimelist.net/anime/41567,https://anilist.co/anime/117074,7.46,"{'arithmeticGeometricMean': 7.527303959562601, 'arithmeticMean': 7.529730519480519, 'median': 7.568181818181818}",7.46
Flower and Asura,0/12,TV,7.10,TBD,"Sports, Hana wa Saku, Shura no Gotoku",[2024+] Upcoming,https://myanimelist.net/anime/59055,https://anilist.co/anime/178022,Unrated,Unrated,
Code Geass: Lelouch of the Rebellion III - Glorification,0/1,Movie,7.1,8.1,"Action, Drama, Mecha, Military, Sci-Fi, Super Power",,https://myanimelist.net/anime/34440,https://anilist.co/anime/101813,7.96,"{'arithmeticGeometricMean': 7.868086158148071, 'arithmeticMean': 7.871088435374149, 'median': 8.0}",7.96
Blue Archive The Animation,0/12,TV,7.1,7.1,"Action, Fantasy, School",,https://myanimelist.net/anime/54309,https://anilist.co/anime/160589,7.01,"{'arithmeticGeometricMean': 6.696551759932395, 'arithmeticMean': 6.709331684188827, 'median': 6.8}",7.01
Beheneko: The Elf-Girl's Cat is Secretly an S-Ranked Monster!,0/12,TV,7.1,6.8,"Comedy, Fantasy, Slice of Life",,https://myanimelist.net/anime/58473,https://anilist.co/anime/176158,5.78,"{'arithmeticGeometricMean': 6.076451547002892, 'arithmeticMean': 6.090684601113172, 'median': 5.954545454545454}",5.78
Shigurui: Death Frenzy,0/12,TV,7.09,7,"Action, Drama, Historical, Martial Arts, Seinen",,https://myanimelist.net/anime/2216,https://anilist.co/anime/2216,7.35,"{'arithmeticGeometricMean': 7.17273938943599, 'arithmeticMean': 7.177533704390847, 'median': 7.228}",7.35
Heaven's Lost Property the Movie: The Angeloid of Clockwork,0/1,Movie,7.09,7.6,"Comedy, Ecchi, Romance, Sci-Fi, Shounen, Supernatural",,https://myanimelist.net/anime/9790,https://anilist.co/anime/9790,7.53,"{'arithmeticGeometricMean': 7.39980175863175, 'arithmeticMean': 7.402483611626469, 'median': 7.363636363636363}",7.53
TONIKAWA: Over The Moon For You ~High School Days~,0/4,ONA,7.06,8,"Comedy, Romance, Slice of Life",,https://myanimelist.net/anime/55651,https://anilist.co/anime/166104,7.76,"{'arithmeticGeometricMean': 7.8265045667092785, 'arithmeticMean': 7.8290853432282, 'median': 7.924545454545455}",7.76
Kingdom Season 2,0/39,TV,7.06,8.3,"Action, Historical, Military, Seinen, War",,https://myanimelist.net/anime/17389,https://anilist.co/anime/17389,8.29,"{'arithmeticGeometricMean': 8.121809901689891, 'arithmeticMean': 8.123902288188, 'median': 8.181818181818182}",8.29
Sentenced to Be a Hero,0/12,TV,7.01,TBD,"Action, Fantasy",[2024+] Aired 2025,https://myanimelist.net/anime/56009,https://anilist.co/anime/167152,8.24,"{'arithmeticGeometricMean': 8.059823510433075, 'arithmeticMean': 8.063580705009276, 'median': 8.19}",8.24
The Red Ranger Becomes an Adventurer in Another World,0/12,TV,7,7,"Action, Adventure, Comedy, Fantasy, Isekai, Mecha",,https://myanimelist.net/anime/59514,https://anilist.co/anime/180052,6.77,"{'arithmeticGeometricMean': 6.581817727123931, 'arithmeticMean': 6.594988868274582, 'median': 6.640000000000001}",6.77
A Ninja and an Assassin Under One Roof,0/12,TV,7,6.7,"Comedy, Slice of Life",,https://myanimelist.net/anime/58725,https://anilist.co/anime/177120,7.59,"{'arithmeticGeometricMean': 7.427433203724606, 'arithmeticMean': 7.431453308596166, 'median': 7.5}",7.59
Aishen Qiaokeli-ING...,0/15,ONA,6.99,6.3,"Comedy, Harem, Romance, School",,https://myanimelist.net/anime/32323,https://anilist.co/anime/21818,6.78,"{'arithmeticGeometricMean': 6.856666503458114, 'arithmeticMean': 6.860598330241188, 'median': 6.753636363636364}",6.78
The Silver Guardian,0/12,TV,6.98,6.1,"Action, Adventure, Comedy, Fantasy, Game, Romance",,https://myanimelist.net/anime/35757,https://anilist.co/anime/99148,"{'arithmeticGeometricMean': 6.552988639707542, 'arithmeticMean': 6.559269222840651, 'median': 6.6}","{'arithmeticGeometricMean': 6.552988639707542, 'arithmeticMean': 6.559269222840651, 'median': 6.6}",
Code Geass: Akito the Exiled - The Brightness Falls,0/1,Movie,6.97,7.5,"Action, Mecha, Military, Sci-Fi",,https://myanimelist.net/anime/15199,https://anilist.co/anime/15199,7.26,"{'arithmeticGeometricMean': 7.35473196555106, 'arithmeticMean': 7.3554545454545455, 'median': 7.34}",7.26
Lycoris Recoil -Friends are thieves of time.-,0/6,ONA,6.96,7.4,"Action, Slice of Life",,https://myanimelist.net/anime/59369,https://anilist.co/anime/179706,7.71,"{'arithmeticGeometricMean': 7.782176080948157, 'arithmeticMean': 7.785780457637601, 'median': 7.924795918367346}",7.71
Code Geass: Lelouch of the Rebellion II - Transgression,0/1,Movie,6.96,7.9,"Action, Drama, Mecha, Military",,https://myanimelist.net/anime/34439,https://anilist.co/anime/101812,7.65,"{'arithmeticGeometricMean': 7.92, 'arithmeticMean': 7.92, 'median': 7.92}",7.65
Made in Abyss: Mezameru Shinpi,0/1,Movie,6.93,7.2,"Adventure, Drama, Fantasy, Mystery",,https://myanimelist.net/anime/36884/Made_in_Abyss_Movie_3__Fukaki_Tamashii_no_Reimei,FAILED_LOOKUP,,,
Blue Orchestra,0/24,TV,6.93,7.7,"Music, School, Slice of Life",,https://myanimelist.net/anime/51614,https://anilist.co/anime/147369,7.18,"{'arithmeticGeometricMean': 7.150336907859855, 'arithmeticMean': 7.153471243042672, 'median': 7.2}",7.18
"There was a Cute Girl in the Hero's Party, so I Tried Confessing to Her",0/13,TV,6.92,7.2,"7.4, Adventure, Comedy, Fantasy, Romance",,https://myanimelist.net/anime/61983,https://anilist.co/anime/195515,6.49,"{'arithmeticGeometricMean': 6.651801254935056, 'arithmeticMean': 6.6702316459051145, 'median': 6.816000000000001}",6.49
Kingdom Season 3,0/26,TV,6.91,8.2,"Action, Historical, Military, Seinen, War",,https://myanimelist.net/anime/40682,https://anilist.co/anime/113108,8.84,"{'arithmeticGeometricMean': 8.551266748743304, 'arithmeticMean': 8.553172077922078, 'median': 8.707142857142856}",8.84
Hakumei and Mikochi,0/12,TV,6.91,7.8,"Adventure, Fantasy, Slice of Life",,https://myanimelist.net/anime/36094,https://anilist.co/anime/99748,7.7,"{'arithmeticGeometricMean': 7.64491256714624, 'arithmeticMean': 7.645304061018346, 'median': 7.654}",7.70
Code Geass: Akito the Exiled - Memories of Hatred,0/1,Movie,6.9,7.4,"Action, Mecha, Military, Sci-Fi",,https://myanimelist.net/anime/15201,https://anilist.co/anime/15201,7.2,"{'arithmeticGeometricMean': 7.321268787212269, 'arithmeticMean': 7.322045454545455, 'median': 7.273181818181818}",7.20
Sasaki and Miyano: Graduation,0/1,Movie,6.89,8.2,"Boys Love, Romance, School",,https://myanimelist.net/anime/51440,https://anilist.co/anime/146743,"{'arithmeticGeometricMean': 8.089586362340505, 'arithmeticMean': 8.09548814677386, 'median': 8.31}","{'arithmeticGeometricMean': 8.089586362340505, 'arithmeticMean': 8.09548814677386, 'median': 8.31}",
Moonrise,0/18,ONA,6.89,7.8,"Action, Sci-Fi, Space, Thriller",,https://myanimelist.net/anime/38903,https://anilist.co/anime/150654,6.6,"{'arithmeticGeometricMean': 6.613930697615444, 'arithmeticMean': 6.627364254792827, 'median': 6.676}",6.60
Hortensia SAGA,0/12,TV,6.88,5.9,"Action, Drama, Fantasy, Magic",,https://myanimelist.net/anime/40961,https://anilist.co/anime/114301,5.84,"{'arithmeticGeometricMean': 6.084644179464011, 'arithmeticMean': 6.1010589569161, 'median': 5.909090909090908}",5.84
Code Geass: Akito the Exiled - To Beloved Ones,0/1,Movie,6.88,7.6,"Action, Mecha, Military, Sci-Fi",,https://myanimelist.net/anime/30711,https://anilist.co/anime/21178,7.12,"{'arithmeticGeometricMean': 7.2588243776261745, 'arithmeticMean': 7.26, 'median': 7.194545454545454}",7.12
Tales of the Abyss,0/26,TV,6.86,7.9,"Adventure, Drama, Fantasy, Magic",,https://myanimelist.net/anime/4884,https://anilist.co/anime/4884,7.27,"{'arithmeticGeometricMean': 7.229372031078917, 'arithmeticMean': 7.230839002267572, 'median': 7.258}",7.27
"Snow White with the Red Hair: Nandemonai Takaramono, Kono Page",0/1,Special,6.82,7.9,"Drama, Fantasy, Romance, Shoujo",,https://myanimelist.net/anime/31483,https://anilist.co/anime/21313,7.71,"{'arithmeticGeometricMean': 7.706734863724599, 'arithmeticMean': 7.711156668728098, 'median': 7.7272727272727275}",7.71
Heroic Age,0/26,TV,6.79,7.4,"Action, Mecha, Military, Sci-Fi, Space",,https://myanimelist.net/anime/2002/Heroic_Age,FAILED_LOOKUP,,,
Heaven's Lost Property Final - The Movie: Eternally My Master,0/1,Movie,6.79,7.7,"Comedy, Ecchi, Romance, Sci-Fi, Shounen, Supernatural",,https://myanimelist.net/anime/12783,https://anilist.co/anime/12783,6.72,6.6,6.66
Disney Twisted-Wonderland: THE ANIMATION - Season 1,0/8,ONA,6.79,6.5,"Fantasy, Game, Isekai, School, Josei",,FAILED_LOOKUP,FAILED_LOOKUP,,,
Dusk Maiden of Amnesia: Ghost Girl,0/1,OVA,6.78,7.7,"Horror, Romance, School, Shounen, Supernatural",,https://myanimelist.net/anime/14189,https://anilist.co/anime/14189,7.49,"{'arithmeticGeometricMean': 7.512444141209782, 'arithmeticMean': 7.513119356833642, 'median': 7.546}",7.49
Betrothed to My Sister's Ex,0/12,TV,6.76,7,"Comedy, Romance",,https://myanimelist.net/anime/59421,https://anilist.co/anime/179879,7.37,"{'arithmeticGeometricMean': 7.386158394937227, 'arithmeticMean': 7.391053339517626, 'median': 7.521727272727272}",7.37
PSYCHO-PASS: Providence,0/1,Movie,6.74,7.8,"Action, Mystery, Police, Sci-Fi, Suspense",,https://myanimelist.net/anime/52747,https://anilist.co/anime/153687,7.65,"{'arithmeticGeometricMean': 7.676431025968249, 'arithmeticMean': 7.678510204081631, 'median': 7.762}",7.65
ODDTAXI In The Woods,0/1,Movie,6.73,7.9,"Mystery, Drama, Slice of Life",,https://myanimelist.net/anime/50653,https://anilist.co/anime/143080,6.4,"{'arithmeticGeometricMean': 6.759732659492197, 'arithmeticMean': 6.766430839002267, 'median': 6.693877551020408}",6.40
given The Movie: Hiiragi Mix,0/1,Movie,6.71,8.2,"Boys Love, Drama, Music, Kingdom Season 4, 0/26, TV, 7.83, 8, Action, Historical, Military, Seinen, War",,https://myanimelist.net/anime/54791,https://anilist.co/anime/162987,"{'arithmeticGeometricMean': 7.866949383422519, 'arithmeticMean': 7.875908163265305, 'median': 8.01909090909091}","{'arithmeticGeometricMean': 7.866949383422519, 'arithmeticMean': 7.875908163265305, 'median': 8.01909090909091}",
Love Live! Nijigasaki High School Idol Club Season 2,0/13,TV,6.71,7.5,"Music, School, Slice of Life, Idols",,https://myanimelist.net/anime/48916,https://anilist.co/anime/133891,7.65,"{'arithmeticGeometricMean': 7.590304320071626, 'arithmeticMean': 7.592431251288395, 'median': 7.612244897959183}",7.65
Zombie Land Saga: Yumeginga Paradise,0/1,Movie,6.7,7.5,"Comedy, Music, Supernatural, Idols",,https://myanimelist.net/anime/50159,https://anilist.co/anime/140337,8.04,"{'arithmeticGeometricMean': 7.48414773026203, 'arithmeticMean': 7.503909090909091, 'median': 7.676}",8.04
A Day Before Us,0/10,ONA,6.61,7.5,"Romance, Slice of Life",,https://myanimelist.net/anime/42481,https://anilist.co/anime/104372,"{'arithmeticGeometricMean': 7.3479248238363235, 'arithmeticMean': 7.352407699443413, 'median': 7.258812615955473}","{'arithmeticGeometricMean': 7.3479248238363235, 'arithmeticMean': 7.352407699443413, 'median': 7.258812615955473}",
Isekai de Cheat Skill wo Te ni Shita Ore wa...,0/1,Special,6.6,6.5,"Action, Fantasy, Isekai",,https://myanimelist.net/anime/56906,https://anilist.co/anime/170110,"{'arithmeticGeometricMean': 8.919070440643244, 'arithmeticMean': 8.95, 'median': 8.95}","{'arithmeticGeometricMean': 8.919070440643244, 'arithmeticMean': 8.95, 'median': 8.95}",
Kabaneri of the Iron Fortress: Life That Burns,0/1,Movie,6.58,7.4,"Action, Drama, Fantasy, Horror, Supernatural",,https://myanimelist.net/anime/33520,https://anilist.co/anime/98663,7.58,"{'arithmeticGeometricMean': 7.65861504036003, 'arithmeticMean': 7.658727272727272, 'median': 7.64}",7.58
Daemons of the Shadow Realm,0,TV,6.58,6.9,"Action, Adventure, Fantasy, Supernatural",,https://myanimelist.net/anime/62001,https://anilist.co/anime/195600,,,
Sacred Seven,0/12,TV,6.56,6.4,"Action, Sci-Fi, Super Power",,https://myanimelist.net/anime/11635,https://anilist.co/anime/11635,6.62,6.4,6.51
The Silver Guardian 2,0/6,TV,6.53,6.6,"Action, Adventure, Comedy, Fantasy, Game, Romance",,https://myanimelist.net/anime/35757,https://anilist.co/anime/99148,"{'arithmeticGeometricMean': 6.552988639707542, 'arithmeticMean': 6.559269222840651, 'median': 6.6}","{'arithmeticGeometricMean': 6.552988639707542, 'arithmeticMean': 6.559269222840651, 'median': 6.6}",
The Beginning After the End Season 2,0/12,TV,6.53,TBD,"Action, Adventure, Fantasy, Isekai, Reincarnation",[2024+] Upcoming,https://myanimelist.net/anime/61831,https://anilist.co/anime/194317,Unrated,Unrated,
Blood Blockade Battlefront: King of Kings,0/1,OVA,6.53,7.4,"Action, Comedy, Fantasy, Supernatural",,https://myanimelist.net/anime/24439/Kekkai_Sensen,FAILED_LOOKUP,,,
Sasaki and Miyano: A Tiny Episode,0/1,OVA,6.52,7.8,"Boys Love, Romance, School",,https://myanimelist.net/anime/50672/Sasaki_to_Miyano__Koi_ni_Kizuku_Mae_no_Chotto_Shita_Hanashi,FAILED_LOOKUP,,,
Kabaneri of the Iron Fortress: Light That Gathers,0/1,Movie,6.51,7.2,"Action, Drama, Fantasy, Horror, Supernatural",,https://myanimelist.net/anime/33519,https://anilist.co/anime/98662,7.57,"{'arithmeticGeometricMean': 7.675871782474723, 'arithmeticMean': 7.676181818181819, 'median': 7.74}",7.57
Yingxiong Zailin,0/12,ONA,6.5,7.5,"Action, Adventure, Fantasy",,https://myanimelist.net/anime/40979,https://anilist.co/anime/120193,6.88,"{'arithmeticGeometricMean': 7.0328907723155965, 'arithmeticMean': 7.0405756029684605, 'median': 7.095454545454546}",6.88
Kingdom Season 5,0/13,TV,6.5,8.1,"Action, Historical, Military, Seinen, War",,https://myanimelist.net/anime/53223,https://anilist.co/anime/155227,8.73,"{'arithmeticGeometricMean': 8.45361015601303, 'arithmeticMean': 8.455462894248608, 'median': 8.51530612244898}",8.73
Malevolent Spirits: Mononogatari Cour 2,0/12,TV,6.48,7.4,"Action, Fantasy, Historical, Mythology, Supernatural",,https://myanimelist.net/anime/54883,https://anilist.co/anime/163205,7.33,"{'arithmeticGeometricMean': 7.437169315252656, 'arithmeticMean': 7.4388109668109665, 'median': 7.454545454545454}",7.33
Blood Blockade Battlefront & Beyond OVA,0/1,OVA,6.47,7.5,"Action, Comedy, Fantasy, Supernatural",,https://myanimelist.net/anime/37364,https://anilist.co/anime/101695,7.15,"{'arithmeticGeometricMean': 7.158196879420787, 'arithmeticMean': 7.161493970315399, 'median': 7.159}",7.15
April Showers Bring May Flowers,0/13,TV,6.46,7.1,"Comedy, School, Slice of Life",,https://myanimelist.net/anime/53512,https://anilist.co/anime/156395,"{'arithmeticGeometricMean': 7.151992979810714, 'arithmeticMean': 7.156975881261596, 'median': 7.2024489795918365}","{'arithmeticGeometricMean': 7.151992979810714, 'arithmeticMean': 7.156975881261596, 'median': 7.2024489795918365}",
Touring After the Apocalypse,0/12,TV,6.45,7.2,"Adventure, Sci-Fi, Slice of Life",,https://myanimelist.net/anime/61072,https://anilist.co/anime/186920,6.79,"{'arithmeticGeometricMean': 6.94882737688707, 'arithmeticMean': 6.95297124304267, 'median': 6.849545454545455}",6.79
given The Movie: To the Sea,0/1,Movie,6.43,8.2,"Boys Love, Drama, Music, Romance",,https://myanimelist.net/anime/58222,https://anilist.co/anime/175199,8.48,"{'arithmeticGeometricMean': 8.307953218235875, 'arithmeticMean': 8.310453308596166, 'median': 8.344545454545454}",8.48
Dawang Raoming 2,0/12,ONA,6.42,7.3,"Action, Fantasy",,https://myanimelist.net/anime/51898,https://anilist.co/anime/146543,"{'arithmeticGeometricMean': 7.663308175815342, 'arithmeticMean': 7.669521799628942, 'median': 7.820454545454545}","{'arithmeticGeometricMean': 7.663308175815342, 'arithmeticMean': 7.669521799628942, 'median': 7.820454545454545}",
"A Herbivorous Dragon of 5,000 Years Gets Unfairly Villainized",0/12,TV,6.42,6.62,"6.8, Comedy, Fantasy",,https://myanimelist.net/anime/50421,https://anilist.co/anime/141879,6.72,"{'arithmeticGeometricMean': 6.948046439268732, 'arithmeticMean': 6.954953153988868, 'median': 6.904545454545454}",6.72
Otherworld Harem Story,0/4,OVA,6.36,5.9,"Ecchi, Fantasy, Harem",,https://myanimelist.net/anime/44524/Isekai_Meikyuu_de_Harem_wo,FAILED_LOOKUP,,,
Kakuriyo -Bed & Breakfast for Spirits- 2,0/12,TV,6.36,7.7,"Demons, Fantasy, Slice of Life, Supernatural",,https://myanimelist.net/anime/58772,https://anilist.co/anime/177271,6.83,"{'arithmeticGeometricMean': 7.007426368810872, 'arithmeticMean': 7.021993970315399, 'median': 7.076066790352504}",6.83
A Day Before Us ZERO,0/19,ONA,6.35,7.4,"Drama, Romance, Slice of Life",,https://myanimelist.net/anime/42481,https://anilist.co/anime/104372,"{'arithmeticGeometricMean': 7.3479248238363235, 'arithmeticMean': 7.352407699443413, 'median': 7.258812615955473}","{'arithmeticGeometricMean': 7.3479248238363235, 'arithmeticMean': 7.352407699443413, 'median': 7.258812615955473}",
A Day Before Us 2nd Season,0/15,ONA,6.35,7.5,"Romance, Slice of Life",,https://myanimelist.net/anime/42629,https://anilist.co/anime/104371,7.37,"{'arithmeticGeometricMean': 7.5693214869386365, 'arithmeticMean': 7.573576066790353, 'median': 7.578849721706865}",7.37
Kingdom Season 6,0/13,TV,6.34,8.4,"Action, Historical, Military, Seinen, War",,https://myanimelist.net/anime/61517,https://anilist.co/anime/190840,"{'arithmeticGeometricMean': 8.447297275811819, 'arithmeticMean': 8.45083116883117, 'median': 8.616181818181818}","{'arithmeticGeometricMean': 8.447297275811819, 'arithmeticMean': 8.45083116883117, 'median': 8.616181818181818}",
Farmagia,0/12,TV,6.34,5.8,"Action, Adventure, Fantasy",,https://myanimelist.net/anime/59113,https://anilist.co/anime/178312,5.64,"{'arithmeticGeometricMean': 5.532175598182348, 'arithmeticMean': 5.569016285302, 'median': 5.545454545454546}",5.64
Love Live! Nijigasaki High School Idol Club: NEXT SKY,0/1,OVA,6.33,7.6,"Music, School, Slice of Life, Idols",,https://myanimelist.net/anime/53671,https://anilist.co/anime/157654,7.29,"{'arithmeticGeometricMean': 7.23480927220677, 'arithmeticMean': 7.240691609977325, 'median': 7.178}",7.29
9-nine- Ruler's Crown,0/13,TV,6.33,5.9,"Ecchi, Fantasy, Harem, Romance, School",,https://myanimelist.net/anime/58957,https://anilist.co/anime/177761,5.81,"{'arithmeticGeometricMean': 5.729676016965061, 'arithmeticMean': 5.75851152928704, 'median': 5.666}",5.81
Plus-sized Misadventures in Love!,0/12,TV,6.29,7.5,"Comedy, Romance, Slice of Life",,https://myanimelist.net/anime/57189,https://anilist.co/anime/170936,6.69,"{'arithmeticGeometricMean': 6.4637669839772975, 'arithmeticMean': 6.485888682745826, 'median': 6.622727272727273}",6.69
"Boku no Imouto wa """"Osaka Okan""""",0/12,TV Short,6.28,6.3,"Comedy, Slice of Life",,https://myanimelist.net/anime/16405,https://anilist.co/anime/16405,5.73,"{'arithmeticGeometricMean': 5.686361059418311, 'arithmeticMean': 5.712070037105752, 'median': 5.523181818181818}",5.73
SI-VIS: The Sound of Heroes,0/24,TV,6.25,TBD,"Action, Fantasy, Music","""""Saikyou no Shienshoku 'Wajutsushi' de Aru Ore wa Sekai Saikyou Clan ni Shitagaeru N desu ga""""?",https://myanimelist.net/anime/62126,https://anilist.co/anime/196553,5.99,"{'arithmeticGeometricMean': 5.910490512507584, 'arithmeticMean': 5.956682127396413, 'median': 5.959591836734694}",5.99
Princess Lover! Picture Drama,0/6,Special,6.16,5.9,"Comedy, Ecchi, Harem",,https://myanimelist.net/anime/7468,https://anilist.co/anime/7468,6.18,6.2,6.19
Agate,0/15,ONA,6.15,6.5,"Action, Fantasy, Magic",,https://myanimelist.net/anime/57575,https://anilist.co/anime/174702,6.76,"{'arithmeticGeometricMean': 6.514768613656435, 'arithmeticMean': 6.525863945578231, 'median': 6.41}",6.76
Princess Lover!: Magical Knight Maria-chan,0/6,Special,6.12,5.9,"Comedy, Ecchi, Magic, Parody",,https://myanimelist.net/anime/8231,https://anilist.co/anime/8231,5.68,5.7,5.69
Girls und Panzer: Motto Love Love Sakusen desu!,0/4,Movie,6.03,7.8,"Comedy, Military",,https://myanimelist.net/anime/61227,https://anilist.co/anime/188034,"{'arithmeticGeometricMean': 8.272727272727273, 'arithmeticMean': 8.272727272727273, 'median': 8.272727272727273}","{'arithmeticGeometricMean': 8.272727272727273, 'arithmeticMean': 8.272727272727273, 'median': 8.272727272727273}",
Love Between Fairy and Devil,0/12,ONA,6.02,7.9,"Fantasy, Magic, Romance",,https://myanimelist.net/anime/51280,https://anilist.co/anime/146565,7.24,"{'arithmeticGeometricMean': 7.428571428571428, 'arithmeticMean': 7.428571428571428, 'median': 7.428571428571428}",7.24
Sacred Seven: Wings of the Silver Moon,0/1,Movie,5.88,6.4,"Action, Sci-Fi, Super Power",,https://myanimelist.net/anime/11635,https://anilist.co/anime/11635,6.62,"{'arithmeticGeometricMean': 6.4454712517962, 'arithmeticMean': 6.450750231910946, 'median': 6.484}",6.62
Strike World: Deadverse Reloaded the Anime,0/10,TV,5.87,TBD,"Action, Fantasy, Strike the Blood IV?",,https://myanimelist.net/anime/62066,https://anilist.co/anime/196230,5.9,"{'arithmeticGeometricMean': 5.947229065922381, 'arithmeticMean': 5.974636363636363, 'median': 5.667272727272728}",5.90
Style of Hiroshi Nohara's Lunch,0/12,TV,5.86,6.6,"Comedy, Kids, Slice of Life",,https://myanimelist.net/anime/61184,https://anilist.co/anime/187860,6.66,"{'arithmeticGeometricMean': 6.4033701593520815, 'arithmeticMean': 6.409636363636364, 'median': 6.67}",6.66
Yuan Zun,0/26,ONA,5.85,TBD,"Action, Adventure, Fantasy, Martial Arts",,https://myanimelist.net/anime/50114/Yuan_Zun,FAILED_LOOKUP,,,
Sacred Seven: Wings of the Silver Moon Picture Drama,0/2,Special,5.84,5.9,Comedy,,https://myanimelist.net/anime/13927,https://anilist.co/anime/13927,6.09,"{'arithmeticGeometricMean': 5.9077731975928005, 'arithmeticMean': 5.931239332096475, 'median': 6.05}",6.09
Cang Lan Jue Part 2,0/12,ONA,5.83,7,"Action, Adventure, Drama, Fantasy, Martial Arts, Romance",,https://myanimelist.net/anime/53905/Cang_Lan_Jue_Part_2,FAILED_LOOKUP,,,
Psycho Armor Govarian,0/26,TV,5.81,6.2,"Action, Mecha, Sci-Fi",,https://myanimelist.net/anime/6428,https://anilist.co/anime/6428,6.1,"{'arithmeticGeometricMean': 5.526424574020784, 'arithmeticMean': 5.547450834879406, 'median': 5.875454545454545}",6.10
Whereabouts of Tomorrow: Ashita no Arika,0/1,ONA,5.78,6,"Drama, Sci-Fi",,https://myanimelist.net/anime/62401,https://anilist.co/anime/198377,5.7,"{'arithmeticGeometricMean': 6.037859320244504, 'arithmeticMean': 6.057515151515152, 'median': 5.67}",5.70
The Promised Neverland Season 2,0/11,TV,5.10,5.1,"Mystery, Psychological, Shounen, Supernatural",Significantly lower than S1 - consider manga instead,https://myanimelist.net/anime/39617,https://anilist.co/anime/108725,5.24,"{'arithmeticGeometricMean': 5.896687167942182, 'arithmeticMean': 5.910869305297878, 'median': 5.8}",5.24
Umamusume: Cinderella Gray 2nd Cour,0/10,TV,Unreleased,8.4,"Sports, Drama, Uma Musume: Cinderella Gray 2nd Cour",[2024+] Upcoming,https://myanimelist.net/anime/61930,https://anilist.co/anime/195240,8.67,Unrated,8.67
The Warrior Princess and the Barbaric King,0,TV,Unreleased,TBD,"Fantasy, Romance, Slice of Life",,https://myanimelist.net/anime/60028,https://anilist.co/anime/182483,,,
The Dangers in My Heart: The Movie,0/1,Movie,Unreleased,TBD,"Romance, Comedy, Slice of Life",[2024+] Upcoming,https://myanimelist.net/anime/59985,https://anilist.co/anime/182317,7.19,Unrated,7.19
That Time I Got Reincarnated as a Slime the Movie: Tears of the Azure Sea,0/1,Movie,Unreleased,TBD,"Fantasy, Isekai, Shounen",[2024+] Upcoming,https://myanimelist.net/anime/59971,https://anilist.co/anime/182206,Unrated,Unrated,
Shangri-La Frontier 3rd Season,0,TV,Unreleased,TBD,"Action, Adventure, Fantasy, Game, Shounen",[2024+] Upcoming,https://myanimelist.net/anime/61338,https://anilist.co/anime/189323,Unrated,Unrated,
Saikyou no Shokugyou wa Yuusha demo Kenja de mo Naku Kanteishi (Kari) Rashii desu yo?,0,TV,Unreleased,TBD,"Comedy, Fantasy",[2024+] Upcoming,https://myanimelist.net/anime/62825/Saikyou_no_Shokugyou_wa_Yuusha_demo_Kenja_demo_Naku_Kanteishi_Kari_Rashii_desu_yo,UNRELEASED,Unrated,Unrated,
STEEL BALL RUN JoJo's Bizarre Adventure,0,ONA,Unreleased,TBD,"Action, Adventure, Supernatural, Super Power",[2024+] Upcoming,https://myanimelist.net/anime/61469,https://anilist.co/anime/190327,Unrated,Unrated,
Re:Zero kara Hajimeru Isekai Seikatsu 4th Season,0,TV,Unreleased,TBD,"Drama, Fantasy, Psychological, Thriller, Isekai",[2024+] Upcoming,https://myanimelist.net/anime/61316,https://anilist.co/anime/189046,Unrated,Unrated,
Puella Magi Madoka Magica the Movie -Walpurgisnacht: Rising-,0/1,Movie,Unreleased,TBD,"Drama, Magic, Psychological, Thriller, Mahou Shoujo",[2024+] Upcoming,https://myanimelist.net/anime/48820,https://anilist.co/anime/133007,Unrated,Unrated,
Otonari no Tenshi-sama ni Itsunomanika Dame Ningen ni Sareteita Ken 2nd Season,0,TV,Unreleased,TBD,"Comedy, Romance, Slice of Life",[2024+] Upcoming,https://myanimelist.net/anime/56876,https://anilist.co/anime/170019,Unrated,Unrated,
Otherworldly Munchkin: Let's Speedrun the Dungeon with Only 1 HP!,0,TV,Unreleased,TBD,"Action, Adventure, Comedy, Fantasy",[2024+] Upcoming,https://myanimelist.net/anime/60253,https://anilist.co/anime/183960,Unrated,Unrated,
Mushoku Tensei: Jobless Reincarnation Season 3,0,TV,Unreleased,TBD,"Drama, Fantasy, Isekai",[2024+] Upcoming,https://myanimelist.net/anime/59193,https://anilist.co/anime/178789,Unrated,Unrated,
Mu Long Shi,0,ONA,Unreleased,TBD,"Action, Adventure, Fantasy, Historical",[2024+],https://myanimelist.net/anime/52666/Mu_Long_Shi,FAILED_LOOKUP,,,
Love Live! Nijigasaki High School Idol Club The Movie - Finale,0/1,Movie,Unreleased,TBD,"Music, School, Slice of Life, Idols",[2024+] Upcoming,https://myanimelist.net/anime/55748,UNRELEASED,7.68,Unrated,7.68
Kusuriya no Hitorigoto 3rd Season,0,TV,Unreleased,TBD,"Drama, Historical, Medical, Mystery, Romance",[2024+] Upcoming,https://myanimelist.net/anime/61987/Kusuriya_no_Hitorigoto_3rd_Season,UNRELEASED,Unrated,Unrated,
KOWLOON GENERIC ROMANCE,0/13,TV,Unreleased,TBD,"Mystery, Romance, Sci-Fi, Seinen",[2024+] Upcoming 2025,https://myanimelist.net/anime/60083,https://anilist.co/anime/182814,7.34,Unrated,7.34
JUJUTSU KAISEN Season 3: The Culling Game Part 1,0/12,TV,Unreleased,TBD,"Action, Fantasy, Shounen",[2024+] Upcoming 2025,https://myanimelist.net/anime/57658,https://anilist.co/anime/172463,8.61,Unrated,8.61
Higeki no Genkyou to Naru Saikyou Gedou Last Boss Joou wa...,0,TV,Unreleased,TBD,"Fantasy, Isekai, Villainess",[2024+] Upcoming,https://myanimelist.net/anime/53438/Higeki_no_Genkyou_to_Naru_Saikyou_Gedou_Last_Boss_Joou_wa_Tami_no_Tame_ni_Tsukushimasu,UNRELEASED,Unrated,Unrated,
Hell's Paradise Season 2,0/12,TV,Unreleased,TBD,"Action, Adventure, Drama, Historical, Horror, Mystery, Shounen, Supernatural",[2024+] Upcoming,https://myanimelist.net/anime/55825,https://anilist.co/anime/166613,8.19,Unrated,8.19
Fire Force Season 3 Part 2,0/13,TV,Unreleased,TBD,"Action, Drama, Mystery, Sci-Fi, Shounen, Supernatural",[2024+] 2025,https://myanimelist.net/anime/59229,https://anilist.co/anime/179062,8.05,"{'arithmeticGeometricMean': 7.887381203725273, 'arithmeticMean': 7.904903525046383, 'median': 8.10590909090909}",8.05
Fate/strange Fake,0/13,TV,Unreleased,TBD,"Action, Fantasy, Magic, Supernatural",[2024+] Ended 2024,https://myanimelist.net/anime/40982,https://anilist.co/anime/114389,6.76,"{'arithmeticGeometricMean': 6.759032505935068, 'arithmeticMean': 6.760819294990723, 'median': 6.818181818181818}",6.76
Dawang Raoming 3,0,ONA,Unreleased,TBD,"Action, Fantasy",[2024+],FAILED_LOOKUP,FAILED_LOOKUP,,,
Chained Soldier Season 2,0/12,TV,Unreleased,TBD,"Action, Ecchi, Fantasy, Shounen",[2024+] Upcoming,https://myanimelist.net/anime/58505,https://anilist.co/anime/176276,Unrated,Unrated,
Cang Lan Jue 2,0/26,ONA,Unreleased,TBD,"Action, Drama, Fantasy, Martial Arts, Romance",[2024+],FAILED_LOOKUP,FAILED_LOOKUP,,,
Blue Archive Anime PVs,0,Special,Unreleased,TBD,"Music, School",[2024+],https://myanimelist.net/anime/48824,https://anilist.co/anime/138416,"{'arithmeticGeometricMean': 7.113922582114928, 'arithmeticMean': 7.118105751391465, 'median': 7.159272727272727}","{'arithmeticGeometricMean': 7.113922582114928, 'arithmeticMean': 7.118105751391465, 'median': 7.159272727272727}",
4 CUT HERO,0/10,ONA,Unreleased,TBD,"Action, Comedy, Fantasy, Slice of Life",[2024+] Upcoming,https://myanimelist.net/anime/55578,https://anilist.co/anime/156096,Unrated,Unrated,
